,aviID_short,month-0,month-1,month-2,month-3,month-4,month-5,month-6,month-7,month-8,month-9,month-10,month-11,Sequence,Species1,Family1,Order1,Avibase.ID1,Total.individuals,Female,Male,Unknown,Complete.measures,Beak.Length_Culmen,Beak.Length_Nares,Beak.Width,Beak.Depth,Tarsus.Length,Wing.Length,Kipps.Distance,Secondary1,Hand-Wing.Index,Tail.Length,Mass,Mass.Source,Mass.Refs.Other,Inference,Traits.inferred,Reference.species,Habitat,Habitat.Density,Migration,Trophic.Level,Trophic.Niche,Primary.Lifestyle,Min.Latitude,Max.Latitude,Centroid.Latitude,Centroid.Longitude,Range.Size,merge_ind
0,9C5ED06A,0.03160270880361174,0.04966139954853273,0.09330323551542513,0.17005267118133935,0.0744920993227991,0.06471030850263355,0.09104589917231001,0.10759969902182091,0.09932279909706546,0.08502633559066967,0.0797592174567344,0.05342362678705794,350.0,Meleagris gallopavo,Phasianidae,Galliformes,AVIBASE-9C5ED06A,5,2,3,0,4,48.6,25.9,17.6,15.3,149.2,448.8,115.0,332.5,26.0,351.2,5791.4,Dunning,,NO,,,Forest,2,1.0,Herbivore,Omnivore,Terrestrial,16.91,50.63,37.44,-98.2,7259958.92,both
1,F6C6C3F7,0.09900990099009901,0.10561056105610561,0.052805280528052806,0.019801980198019802,0.0231023102310231,0.0,0.0,0.013201320132013201,0.1188118811881188,0.16501650165016502,0.18811881188118812,0.2145214521452145,10630.0,Setophaga townsendi,Parulidae,Passeriformes,AVIBASE-F6C6C3F7,15,6,9,0,10,12.4,7.4,3.0,3.2,18.2,63.8,17.7,46.1,27.8,49.5,8.8,Dunning,,NO,,,Forest,1,3.0,Carnivore,Invertivore,Insessorial,42.15,66.71,55.15,-128.6,1406060.25,both
2,7E327303,0.05402160864345738,0.07082833133253301,0.06722689075630252,0.15006002400960383,0.10804321728691477,0.08043217286914765,0.056422569027611044,0.06842737094837935,0.09963985594237695,0.09003601440576231,0.08523409363745499,0.06962785114045618,3921.0,Melanerpes formicivorus,Picidae,Piciformes,AVIBASE-7E327303,8,4,3,1,4,26.9,20.6,8.2,7.4,21.8,139.8,40.1,103.6,28.0,84.5,79.6,Dunning,,NO,,,Woodland,2,1.0,Herbivore,Granivore,Insessorial,1.45,45.7,25.79,-104.16,1502706.45,both
3,EB98812F,0.07660455486542443,0.07453416149068323,0.08695652173913043,0.07453416149068323,0.049689440993788817,0.020703933747412008,0.08281573498964803,0.10351966873706005,0.08695652173913043,0.10351966873706005,0.11180124223602485,0.12836438923395446,3123.0,Accipiter cooperii,Accipitridae,Accipitriformes,AVIBASE-EB98812F,5,2,3,0,4,25.4,13.9,8.6,13.2,62.0,241.2,77.8,163.5,32.3,188.4,429.7,Dunning,,NO,,,Woodland,2,3.0,Carnivore,Vertivore,Aerial,23.28,53.31,41.25,-100.49,8393137.06,both
4,56CCA717,0.19078947368421054,0.08552631578947369,0.05921052631578947,0.013157894736842105,0.013157894736842105,0.0,0.0,0.023026315789473683,0.05592105263157895,0.12171052631578948,0.13815789473684212,0.2993421052631579,541.0,Anas acuta,Anatidae,Anseriformes,AVIBASE-56CCA717,10,5,5,0,4,48.1,31.9,14.5,14.8,36.9,256.7,148.4,107.8,57.8,124.7,944.6,Dunning,,NO,,,Wetland,3,3.0,Herbivore,Herbivore aquatic,Aquatic,38.65,75.28,59.6,26.95,28403500.77,both
5,536A5157,0.10558199913457378,0.10644742535698831,0.09476417135439204,0.07183037646040676,0.05279099956728689,0.04370402423193423,0.045434876676763304,0.05062743401125054,0.0752920813500649,0.10471657291215924,0.13154478580700996,0.11726525313717005,3196.0,Buteo jamaicensis,Accipitridae,Accipitriformes,AVIBASE-536A5157,5,2,3,0,4,37.6,22.9,14.4,20.2,80.9,402.8,139.9,270.8,34.1,212.2,1101.2,Dunning,,NO,,,Woodland,2,3.0,Carnivore,Vertivore,Insessorial,8.36,68.66,45.5,-105.33,15462822.34,both
6,D3A260BC,0.24277456647398843,0.05202312138728324,0.04046242774566474,0.011560693641618497,0.0,0.0,0.0,0.0,0.0,0.06358381502890173,0.23121387283236994,0.3583815028901734,411.0,Anser caerulescens,Anatidae,Anseriformes,AVIBASE-D3A260BC,6,2,4,0,4,61.8,36.0,19.4,24.7,76.7,411.8,214.5,194.2,52.5,123.5,2636.2,Dunning,,NO,,,Grassland,3,3.0,Herbivore,Herbivore terrestrial,Terrestrial,50.94,81.71,72.41,-90.29,582038.07,both
7,0E599E6C,0.15112540192926044,0.08681672025723473,0.17041800643086816,0.12218649517684887,0.03536977491961415,0.10289389067524116,0.003215434083601286,0.00964630225080386,0.02572347266881029,0.05144694533762058,0.09967845659163987,0.1414790996784566,509.0,Spatula cyanoptera,Anatidae,Anseriformes,AVIBASE-0E599E6C,6,3,3,0,4,50.5,33.8,16.0,13.9,30.1,187.5,94.8,90.5,51.0,70.4,377.5,Dunning,,NO,,,Wetland,3,2.0,Herbivore,Herbivore aquatic,Aquatic,-55.98,52.1,11.06,-94.79,6567683.13,both
8,466E9077,0.18450184501845018,0.06273062730627306,0.12177121771217712,0.02214022140221402,0.0036900369003690036,0.0036900369003690036,0.0,0.0,0.02952029520295203,0.16605166051660517,0.15867158671586715,0.24723247232472326,418.0,Anser albifrons,Anatidae,Anseriformes,AVIBASE-466E9077,6,3,3,0,4,48.7,27.6,18.4,17.5,65.0,408.2,213.8,192.8,52.6,123.5,2506.4,Dunning,,NO,,,Grassland,3,3.0,Herbivore,Herbivore terrestrial,Terrestrial,57.07,78.34,68.29,12.71,5891602.97,both
9,624078BA,0.11009174311926606,0.10397553516819572,0.14067278287461774,0.0856269113149847,0.04281345565749235,0.0856269113149847,0.06116207951070336,0.05198776758409786,0.027522935779816515,0.05198776758409786,0.13761467889908258,0.10091743119266056,425.0,Melanitta perspicillata,Anatidae,Anseriformes,AVIBASE-624078BA,6,3,3,0,4,58.8,25.2,21.6,15.9,38.0,226.3,115.0,109.5,51.2,72.8,1096.3,Dunning,,NO,,,Wetland,3,3.0,Carnivore,Aquatic predator,Aquatic,51.39,71.39,61.33,-124.67,4808381.84,both
10,EA4D6C0B,0.1103515625,0.0927734375,0.087890625,0.0732421875,0.052734375,0.0478515625,0.0771484375,0.0498046875,0.0634765625,0.0869140625,0.11328125,0.14453125,3188.0,Buteo lineatus,Accipitridae,Accipitriformes,AVIBASE-EA4D6C0B,5,2,2,1,4,33.1,20.3,11.8,16.3,74.1,319.0,106.9,212.8,33.4,172.8,603.7,Dunning,,NO,,,Woodland,1,3.0,Carnivore,Vertivore,Aerial,24.95,47.85,37.72,-86.88,3542030.5,both
11,52F63879,0.1329479768786127,0.05202312138728324,0.09826589595375723,0.06358381502890173,0.023121387283236993,0.10404624277456648,0.08670520231213873,0.028901734104046242,0.023121387283236993,0.08092485549132948,0.17341040462427745,0.1329479768786127,3914.0,Sphyrapicus ruber,Picidae,Piciformes,AVIBASE-52F63879,8,4,4,0,5,25.8,21.5,8.0,7.1,21.6,126.6,38.4,88.2,30.4,80.8,54.8,Dunning,,NO,,,Woodland,2,2.0,Carnivore,Invertivore,Insessorial,32.77,61.35,50.74,-126.41,1000123.48,both
12,C235A4D7,0.11049723756906077,0.07458563535911603,0.1132596685082873,0.09944751381215469,0.058011049723756904,0.1298342541436464,0.008287292817679558,0.019337016574585635,0.058011049723756904,0.0856353591160221,0.09116022099447514,0.15193370165745856,513.0,Mareca strepera,Anatidae,Anseriformes,AVIBASE-C235A4D7,6,3,3,0,4,48.7,34.7,16.5,13.7,36.5,251.3,137.0,113.0,54.8,83.0,915.6,Dunning,,NO,,,Wetland,3,2.0,Herbivore,Herbivore aquatic,Aquatic,27.64,67.99,49.62,29.99,18552362.65,both
13,FB738385,0.1839080459770115,0.16912972085385877,0.17077175697865354,0.07060755336617405,0.0049261083743842365,0.0049261083743842365,0.006568144499178982,0.016420361247947456,0.006568144499178982,0.021346469622331693,0.1412151067323481,0.20361247947454844,431.0,Bucephala albeola,Anatidae,Anseriformes,AVIBASE-FB738385,8,4,4,0,4,28.8,18.9,12.9,9.9,30.1,160.8,75.0,83.5,47.4,65.4,397.5,Dunning,,NO,,,Wetland,3,3.0,Carnivore,Aquatic predator,Aquatic,39.82,68.1,56.77,-112.31,4859143.91,both
14,9A8E55D0,0.12717770034843207,0.08188153310104529,0.11672473867595819,0.059233449477351915,0.04006968641114982,0.050522648083623695,0.0627177700348432,0.06968641114982578,0.09407665505226481,0.08013937282229965,0.10801393728222997,0.10975609756097561,554.0,Podilymbus podiceps,Podicipedidae,Podicipediformes,AVIBASE-9A8E55D0,8,2,2,4,4,28.8,14.1,5.4,10.6,37.1,125.6,41.8,81.1,34.0,32.6,411.9,Dunning,,NO,,,Wetland,3,2.0,Carnivore,Aquatic predator,Aquatic,-51.63,62.3,21.61,-86.81,21361785.48,both
15,36B3872D,0.06133333333333333,0.06311111111111112,0.09244444444444444,0.12977777777777777,0.07111111111111111,0.08444444444444445,0.0791111111111111,0.08444444444444445,0.10044444444444445,0.07822222222222222,0.07111111111111111,0.08444444444444445,2953.0,Cathartes aura,Cathartidae,Cathartiformes,AVIBASE-36B3872D,6,0,2,4,4,51.5,27.6,14.3,17.2,54.0,508.5,135.6,369.0,26.9,244.0,1518.2,Dunning,,NO,,,Human Modified,3,2.0,Scavenger,Scavenger,Terrestrial,-55.72,54.31,6.76,-77.26,28126442.74,both
16,19CCBBD2,0.08764940239043825,0.0796812749003984,0.09561752988047809,0.09163346613545817,0.10358565737051793,0.0796812749003984,0.0398406374501992,0.0796812749003984,0.099601593625498,0.11155378486055777,0.07569721115537849,0.055776892430278883,8556.0,Sitta carolinensis,Sittidae,Passeriformes,AVIBASE-19CCBBD2,5,2,3,0,4,19.1,12.2,4.0,4.2,18.5,88.6,27.6,60.9,31.2,48.8,21.0,Dunning,,NO,,,Forest,1,1.0,Omnivore,Omnivore,Insessorial,17.49,58.92,43.04,-102.26,8811748.35,both
17,49D9148A,0.08480104370515329,0.07240704500978473,0.08414872798434442,0.055446836268754074,0.05218525766470972,0.06914546640574037,0.04500978473581213,0.10697977821265492,0.13894324853228962,0.11741682974559686,0.0867579908675799,0.0867579908675799,2244.0,Ardea alba,Ardeidae,Pelecaniformes,AVIBASE-49D9148A,16,4,7,5,8,126.3,90.4,12.0,18.1,141.6,378.8,120.7,257.2,32.1,140.5,871.3,Dunning,,NO,,,Wetland,3,2.0,Carnivore,Aquatic predator,Terrestrial,-52.61,57.34,10.02,28.87,74898555.49,both
18,8601A467,0.10767160161507403,0.08546433378196501,0.0955585464333782,0.06864064602960969,0.033647375504710635,0.04576043068640646,0.04104979811574697,0.039030955585464336,0.07335127860026917,0.14737550471063257,0.14670255720053835,0.11574697173620457,10419.0,Zonotrichia leucophrys,Passerellidae,Passeriformes,AVIBASE-8601A467,5,2,3,0,4,15.4,8.4,4.5,6.0,22.8,78.7,18.5,60.9,23.4,70.6,28.0,Dunning,,NO,,,Shrubland,2,3.0,Omnivore,Omnivore,Generalist,33.38,70.64,58.71,-115.14,7364178.61,both
19,68EA281A,0.22842639593908629,0.15736040609137056,0.18781725888324874,0.04314720812182741,0.012690355329949238,0.0,0.0025380710659898475,0.0025380710659898475,0.007614213197969543,0.007614213197969543,0.12436548223350254,0.22588832487309646,432.0,Bucephala clangula,Anatidae,Anseriformes,AVIBASE-68EA281A,10,5,5,0,4,38.1,17.7,16.1,11.9,34.1,208.7,105.4,99.4,51.4,82.0,918.6,Dunning,,NO,,,Wetland,3,3.0,Carnivore,Aquatic predator,Aquatic,41.89,70.72,58.51,35.56,22082935.41,both
20,ED4CE8E7,0.1552511415525114,0.0958904109589041,0.0882800608828006,0.0487062404870624,0.0091324200913242,0.0091324200913242,0.0045662100456621,0.0136986301369863,0.045662100456621,0.1339421613394216,0.1537290715372907,0.2420091324200913,508.0,Spatula clypeata,Anatidae,Anseriformes,AVIBASE-ED4CE8E7,8,4,4,0,4,68.8,47.9,18.6,18.7,33.8,226.4,130.2,94.2,58.0,75.1,612.6,Dunning,,NO,,,Wetland,3,3.0,Omnivore,Aquatic predator,Aquatic,25.56,71.39,55.88,22.06,27068888.24,both
21,4A5B4883,0.13114754098360656,0.11748633879781421,0.12295081967213115,0.12568306010928962,0.04371584699453552,0.06557377049180328,0.02459016393442623,0.00819672131147541,0.01092896174863388,0.15846994535519127,0.11475409836065574,0.07650273224043716,10450.0,Sturnella neglecta,Icteridae,Passeriformes,AVIBASE-4A5B4883,5,2,3,0,4,33.8,22.0,6.1,7.5,35.0,117.0,32.5,84.5,27.8,71.6,100.1,Dunning,,NO,,,Grassland,3,2.0,Omnivore,Invertivore,Terrestrial,21.43,56.55,42.66,-107.09,6719237.68,both
22,B182DED2,0.08368495077355836,0.052039381153305204,0.07383966244725738,0.1019690576652602,0.08649789029535865,0.07032348804500703,0.07383966244725738,0.07876230661040788,0.09563994374120956,0.0970464135021097,0.10337552742616034,0.0829817158931083,5870.0,Sayornis nigricans,Tyrannidae,Passeriformes,AVIBASE-B182DED2,23,10,10,3,4,18.1,9.9,5.9,4.0,17.4,86.3,19.4,68.9,22.0,77.2,18.6,Dunning,,NO,,,Rock,2,1.0,Carnivore,Invertivore,Insessorial,-29.12,42.94,17.12,-95.45,2967593.66,both
23,F002188E,0.168141592920354,0.1415929203539823,0.061946902654867256,0.0,0.0,0.0,0.0,0.0,0.017699115044247787,0.11504424778761062,0.25663716814159293,0.23893805309734514,2629.0,Larus argentatus,Laridae,Charadriiformes,AVIBASE-F002188E,6,2,4,0,2,74.0,24.5,8.9,19.6,63.2,430.8,230.3,200.5,53.4,170.2,1091.0,Dunning,,NO,,,Coastal,3,2.0,Carnivore,Aquatic predator,Generalist,44.17,71.19,62.73,23.88,1540126.95,both
24,538A9CA7,0.1242603550295858,0.1242603550295858,0.11242603550295859,0.14792899408284024,0.08875739644970414,0.04142011834319527,0.029585798816568046,0.05917159763313609,0.05325443786982249,0.10059171597633136,0.05325443786982249,0.0650887573964497,6960.0,Pica nutalli,Corvidae,Passeriformes,AVIBASE-538A9CA7,11,3,7,1,4,36.3,23.3,11.4,13.2,48.2,188.8,49.9,140.2,26.2,241.5,158.3,Dunning,,NO,,,Shrubland,2,1.0,Carnivore,Omnivore,Terrestrial,34.43,40.93,37.62,-121.17,95191.28,both
25,27B2749A,0.0273224043715847,0.10382513661202186,0.10382513661202186,0.16393442622950818,0.14754098360655737,0.04371584699453552,0.09836065573770492,0.0546448087431694,0.04918032786885246,0.12021857923497267,0.060109289617486336,0.0273224043715847,467.0,Aix sponsa,Anatidae,Anseriformes,AVIBASE-27B2749A,6,3,3,0,4,38.6,24.7,15.1,11.4,32.9,220.5,108.5,111.0,49.4,106.8,657.6,Dunning,,NO,,,Wetland,3,1.0,Herbivore,Omnivore,Generalist,19.83,55.22,42.14,-92.18,6191757.66,both
26,F012ED4B,0.060240963855421686,0.024096385542168676,0.12650602409638553,0.12048192771084337,0.012048192771084338,0.030120481927710843,0.05421686746987952,0.21084337349397592,0.10240963855421686,0.1144578313253012,0.0963855421686747,0.04819277108433735,2384.0,Charadrius nivosus,Charadriidae,Charadriiformes,AVIBASE-F012ED4B,4,2,2,0,4,16.8,9.8,2.9,3.3,23.7,102.5,54.8,47.8,53.4,39.8,42.3,Updated_literature,Dunning (2021),NO,,,Coastal,3,2.0,Carnivore,Aquatic predator,Terrestrial,-43.43,46.7,20.59,-97.65,1602228.88,both
27,B9B272F4,0.07635467980295567,0.04926108374384237,0.09359605911330049,0.11822660098522167,0.08374384236453201,0.09852216748768473,0.08620689655172414,0.054187192118226604,0.08620689655172414,0.07389162561576355,0.0960591133004926,0.08374384236453201,6979.0,Corvus corax,Corvidae,Passeriformes,AVIBASE-B9B272F4,46,15,31,0,10,77.0,49.2,21.9,27.9,67.1,419.7,167.2,252.7,39.8,228.7,928.0,Dunning,,NO,,,Forest,3,2.0,Omnivore,Omnivore,Terrestrial,12.76,83.11,54.65,18.59,52288449.5,both
28,AC2B812A,0.06118143459915612,0.0770042194092827,0.1160337552742616,0.17721518987341772,0.1360759493670886,0.07805907172995781,0.07172995780590717,0.04535864978902954,0.04430379746835443,0.05907172995780591,0.06329113924050633,0.07067510548523206,8847.0,Sialia mexicana,Turdidae,Passeriformes,AVIBASE-AC2B812A,5,2,3,0,4,15.1,8.6,3.4,3.9,19.8,104.4,39.2,66.2,37.2,64.2,26.4,Dunning,,NO,,,Woodland,3,2.0,Omnivore,Omnivore,Insessorial,18.57,52.86,36.28,-112.01,1779665.7,both
29,8F268682,0.17543859649122806,0.05847953216374269,0.04678362573099415,0.029239766081871343,0.0,0.0,0.005847953216374269,0.017543859649122806,0.005847953216374269,0.1111111111111111,0.32748538011695905,0.2222222222222222,9961.0,Anthus rubescens,Motacillidae,Passeriformes,AVIBASE-8F268682,5,2,3,0,4,14.5,9.4,3.1,3.1,21.2,85.0,24.1,60.9,28.4,67.6,20.7,Dunning,,NO,,,Grassland,3,3.0,Carnivore,Invertivore,Terrestrial,31.22,76.17,61.56,13.05,12413847.38,both
30,0783A7EA,0.18617021276595744,0.19148936170212766,0.14893617021276595,0.0425531914893617,0.005319148936170213,0.005319148936170213,0.0,0.0,0.005319148936170213,0.06382978723404255,0.11702127659574468,0.23404255319148937,488.0,Aythya collaris,Anatidae,Anseriformes,AVIBASE-0783A7EA,5,2,3,0,4,51.4,29.9,18.9,13.6,33.2,194.8,92.6,99.4,48.2,57.6,704.6,Dunning,,NO,,,Wetland,3,3.0,Omnivore,Herbivore aquatic,Aquatic,10.04,68.13,52.28,-100.06,4899833.68,both
31,06B9BD24,0.23376623376623376,0.11688311688311688,0.08225108225108226,0.07792207792207792,0.06060606060606061,0.0,0.021645021645021644,0.11255411255411256,0.05627705627705628,0.09523809523809523,0.05627705627705628,0.08658008658008658,2473.0,Calidris alba,Scolopacidae,Charadriiformes,AVIBASE-06B9BD24,5,2,3,0,4,30.0,21.2,3.4,4.2,23.1,119.6,62.7,57.0,52.3,50.2,51.7,Dunning,,NO,,,Coastal,3,3.0,Carnivore,Aquatic predator,Terrestrial,63.1,83.11,75.56,-43.49,1344741.13,both
32,B745D852,0.07384230287859825,0.05506883604505632,0.09261576971214018,0.13642052565707133,0.11389236545682102,0.08010012515644556,0.07384230287859825,0.058823529411764705,0.06382978723404255,0.09011264080100125,0.08760951188986232,0.07384230287859825,10402.0,Melozone crissalis,Passerellidae,Passeriformes,AVIBASE-B745D852,4,2,2,0,4,16.2,10.1,5.0,7.7,26.9,88.8,11.7,77.1,13.1,101.0,52.8,Dunning,,NO,,,Shrubland,2,1.0,Herbivore,Granivore,Generalist,22.87,43.18,34.4,-118.36,333326.69,both
33,603194D3,0.07068062827225131,0.04712041884816754,0.09424083769633508,0.10209424083769633,0.07329842931937172,0.09162303664921466,0.06544502617801047,0.06544502617801047,0.08900523560209424,0.0968586387434555,0.112565445026178,0.09162303664921466,8615.0,Thryomanes bewickii,Troglodytidae,Passeriformes,AVIBASE-603194D3,5,2,3,0,4,15.5,10.1,2.6,3.0,17.5,54.0,7.3,46.1,13.8,51.2,9.9,Dunning,,NO,,,Shrubland,2,2.0,Carnivore,Invertivore,Generalist,16.27,50.41,33.54,-106.62,3360146.45,both
34,AA7901D8,0.0841452612931798,0.06023029229406555,0.11780336581045173,0.08148804251550044,0.053144375553587246,0.07794508414526129,0.05757307351638618,0.07617360496014172,0.09034543844109831,0.12488928255093003,0.07351638618246235,0.10274579273693533,2257.0,Egretta thula,Ardeidae,Pelecaniformes,AVIBASE-AA7901D8,8,1,6,1,4,86.3,69.2,9.4,12.0,93.3,252.8,79.8,167.3,31.9,110.3,371.0,Dunning,,NO,,,Wetland,3,2.0,Carnivore,Aquatic predator,Terrestrial,-43.4,45.35,3.56,-70.78,19270773.23,both
35,575A3E3B,0.048,0.0688,0.0896,0.0888,0.076,0.1232,0.0752,0.0992,0.0984,0.0784,0.072,0.0824,2625.0,Larus occidentalis,Laridae,Charadriiformes,AVIBASE-575A3E3B,6,4,2,0,5,64.8,23.8,8.5,18.3,64.2,397.5,200.6,193.0,51.0,145.2,922.8,Dunning,,NO,,,Marine,3,2.0,Carnivore,Omnivore,Generalist,27.01,46.73,35.71,-120.02,91633.8,both
36,E7A14E91,0.12098298676748583,0.1001890359168242,0.10207939508506617,0.06049149338374291,0.005671077504725898,0.015122873345935728,0.09829867674858223,0.10396975425330812,0.12287334593572778,0.07183364839319471,0.11909262759924386,0.07939508506616257,2533.0,Tringa semipalmata,Scolopacidae,Charadriiformes,AVIBASE-E7A14E91,4,2,2,0,4,67.4,46.0,4.5,7.2,65.4,203.5,97.0,106.6,47.6,73.8,245.7,Dunning,,NO,,,Coastal,3,3.0,Carnivore,Aquatic predator,Terrestrial,17.47,55.38,42.76,-101.57,2508839.89,both
37,32DCEC14,0.19574468085106383,0.08085106382978724,0.13617021276595745,0.12340425531914893,0.01276595744680851,0.01276595744680851,0.01702127659574468,0.02127659574468085,0.02553191489361702,0.15319148936170213,0.09787234042553192,0.12340425531914893,564.0,Podiceps nigricollis,Podicipedidae,Podicipediformes,AVIBASE-32DCEC14,5,2,2,1,4,26.2,15.4,5.5,5.9,39.6,127.2,55.1,70.1,44.0,28.0,412.4,Dunning,,NO,,,Wetland,3,3.0,Carnivore,Aquatic predator,Aquatic,-34.84,62.0,41.93,13.31,16435591.3,both
38,36171C2B,0.2196969696969697,0.13636363636363635,0.1590909090909091,0.03787878787878788,0.045454545454545456,0.05303030303030303,0.045454545454545456,0.030303030303030304,0.007575757575757576,0.09090909090909091,0.12121212121212122,0.05303030303030303,6902.0,Lanius ludovicianus,Laniidae,Passeriformes,AVIBASE-36171C2B,11,2,9,0,4,21.1,12.3,6.5,8.8,27.7,96.4,21.7,74.2,22.6,96.7,51.6,Dunning,,NO,,,Shrubland,3,3.0,Carnivore,Invertivore,Insessorial,16.1,55.52,38.03,-101.11,8852504.29,both
39,5F8E7CA8,0.1910828025477707,0.1592356687898089,0.08280254777070063,0.08280254777070063,0.06369426751592357,0.03821656050955414,0.044585987261146494,0.044585987261146494,0.08917197452229299,0.10191082802547771,0.07643312101910828,0.025477707006369428,3050.0,Aquila chrysaetos,Accipitridae,Accipitriformes,AVIBASE-5F8E7CA8,8,2,6,0,8,56.8,37.0,18.5,28.4,101.4,603.1,221.2,381.9,36.7,307.1,4248.0,Dunning,,NO,,,Grassland,3,2.0,Carnivore,Vertivore,Aerial,6.36,71.12,50.67,38.05,39450257.98,both
40,A091D50A,0.12833333333333333,0.10166666666666667,0.12,0.07,0.03,0.03333333333333333,0.028333333333333332,0.02666666666666667,0.06333333333333334,0.10333333333333333,0.17333333333333334,0.12166666666666667,3079.0,Circus hudsonius,Accipitridae,Accipitriformes,AVIBASE-A091D50A,4,2,2,0,4,31.1,17.2,10.1,13.2,82.0,360.9,161.1,199.8,44.6,212.9,393.0,DataFromSplit,,NO,,,Grassland,3,3.0,Carnivore,Vertivore,Aerial,30.02,69.8,52.86,-111.67,12347245.55,both
41,FED3756C,0.12408759124087591,0.10218978102189781,0.08759124087591241,0.11678832116788321,0.06204379562043796,0.08029197080291971,0.072992700729927,0.040145985401459854,0.029197080291970802,0.0948905109489051,0.09854014598540146,0.09124087591240876,3142.0,Haliaeetus leucocephalus,Accipitridae,Accipitriformes,AVIBASE-FED3756C,4,2,2,0,4,76.0,48.2,24.0,34.1,81.7,601.8,248.8,353.0,41.4,294.0,4700.6,Dunning,,NO,,,Wetland,3,3.0,Carnivore,Omnivore,Generalist,24.3,69.43,54.57,-113.86,9351853.96,both
42,7E022378,0.11790393013100436,0.06550218340611354,0.11790393013100436,0.11353711790393013,0.07423580786026202,0.10480349344978165,0.06986899563318777,0.08733624454148471,0.013100436681222707,0.039301310043668124,0.1222707423580786,0.07423580786026202,1969.0,Gavia immer,Gaviidae,Gaviiformes,AVIBASE-7E022378,5,2,3,0,4,97.0,60.1,10.5,23.0,86.1,365.2,178.0,183.2,49.3,59.0,4956.8,Dunning,,NO,,,Wetland,3,3.0,Carnivore,Aquatic predator,Aquatic,41.9,80.83,58.02,-101.26,9453280.12,both
43,115F04DD,0.2210144927536232,0.07971014492753623,0.17391304347826086,0.07971014492753623,0.0,0.0036231884057971015,0.0,0.0,0.06159420289855073,0.09057971014492754,0.18478260869565216,0.10507246376811594,545.0,Anas crecca,Anatidae,Anseriformes,AVIBASE-115F04DD,7,4,3,0,4,35.8,29.6,12.1,11.4,25.9,180.4,96.6,83.8,53.5,61.2,341.9,Dunning,,NO,,,Wetland,3,2.0,Herbivore,Herbivore aquatic,Aquatic,32.0,75.29,58.18,22.29,31784516.68,both
44,23863F65,0.14803625377643503,0.07854984894259819,0.10876132930513595,0.03625377643504532,0.00906344410876133,0.012084592145015106,0.03625377643504532,0.03625377643504532,0.054380664652567974,0.11178247734138973,0.21450151057401812,0.1540785498489426,2622.0,Larus delawarensis,Laridae,Charadriiformes,AVIBASE-23863F65,5,2,2,1,4,48.1,19.6,6.2,13.0,51.2,366.0,205.5,160.0,56.2,133.2,516.3,Dunning,,NO,,,Coastal,3,2.0,Carnivore,Omnivore,Terrestrial,39.94,61.17,50.01,-101.06,5396423.36,both
45,249AE8DF,0.11583924349881797,0.0851063829787234,0.07092198581560284,0.0591016548463357,0.02364066193853428,0.009456264775413711,0.04728132387706856,0.1111111111111111,0.09929078014184398,0.1182033096926714,0.1773049645390071,0.08274231678486997,2456.0,Limosa fedoa,Scolopacidae,Charadriiformes,AVIBASE-249AE8DF,4,2,2,0,4,112.5,93.7,6.8,9.2,71.6,224.8,118.0,106.7,52.5,77.2,357.0,Dunning,,NO,,,Wetland,3,3.0,Carnivore,Aquatic predator,Terrestrial,43.19,57.79,49.74,-104.56,1140759.5,both
46,F9305BAA,0.05592105263157895,0.05263157894736842,0.10526315789473684,0.15460526315789475,0.11842105263157894,0.03618421052631579,0.0625,0.10197368421052631,0.08552631578947369,0.09539473684210527,0.06907894736842106,0.0625,2448.0,Numenius phaeopus,Scolopacidae,Charadriiformes,AVIBASE-F9305BAA,10,5,5,0,4,92.1,67.1,6.6,7.7,59.9,233.0,123.4,107.0,53.5,99.8,364.6,Dunning,,NO,,,Grassland,3,3.0,Carnivore,Omnivore,Terrestrial,50.39,71.39,63.88,-11.94,4802995.65,both
47,D13B9122,0.06965174129353234,0.04975124378109453,0.0945273631840796,0.12437810945273632,0.12935323383084577,0.1044776119402985,0.05970149253731343,0.06965174129353234,0.1044776119402985,0.06467661691542288,0.07960199004975124,0.04975124378109453,2669.0,Sterna forsteri,Laridae,Charadriiformes,AVIBASE-D13B9122,5,2,3,0,4,45.3,28.0,4.9,8.8,24.3,252.6,173.5,79.0,68.7,131.4,149.0,Dunning,,NO,,,Wetland,3,3.0,Carnivore,Aquatic predator,Aerial,25.88,55.17,46.22,-104.5,1801878.95,both
48,5284C27B,0.09268292682926829,0.08536585365853659,0.06829268292682927,0.03414634146341464,0.007317073170731708,0.024390243902439025,0.06341463414634146,0.0951219512195122,0.11463414634146342,0.11219512195121951,0.23658536585365852,0.06585365853658537,2452.0,Numenius americanus,Scolopacidae,Charadriiformes,AVIBASE-5284C27B,4,2,2,0,4,164.0,141.5,7.6,8.9,84.5,266.8,132.6,134.2,49.7,94.8,583.9,Dunning,,NO,,,Grassland,3,3.0,Carnivore,Omnivore,Terrestrial,32.9,52.85,44.16,-111.48,2115891.97,both
49,3AC46C54,0.07944915254237288,0.08050847457627118,0.1038135593220339,0.1016949152542373,0.06885593220338983,0.07097457627118645,0.06885593220338983,0.07097457627118645,0.059322033898305086,0.09427966101694915,0.09745762711864407,0.1038135593220339,2303.0,Nannopterum auritus,Phalacrocoracidae,Suliformes,AVIBASE-3AC46C54,4,0,3,1,4,68.2,49.8,12.0,17.0,64.2,311.8,126.8,185.0,40.8,154.2,1806.5,Dunning,,NO,,,Marine,3,2.0,Carnivore,Aquatic predator,Aquatic,17.27,62.43,46.01,-102.5,4311610.21,both
50,56036504,0.07944915254237288,0.08050847457627118,0.1038135593220339,0.1016949152542373,0.06885593220338983,0.07097457627118645,0.06885593220338983,0.07097457627118645,0.059322033898305086,0.09427966101694915,0.09745762711864407,0.1038135593220339,2304.0,Nannopterum brasilianus,Phalacrocoracidae,Suliformes,AVIBASE-56036504,10,4,5,1,2,62.6,44.6,11.9,14.9,48.7,275.4,91.8,191.7,32.4,187.2,1239.3,Dunning,,NO,,,Wetland,3,1.0,Carnivore,Aquatic predator,Generalist,-55.98,34.12,-11.18,-65.4,18288655.94,both
51,27903EF7,0.07653061224489796,0.05612244897959184,0.09183673469387756,0.030612244897959183,0.0,0.00510204081632653,0.025510204081632654,0.1326530612244898,0.18877551020408162,0.19387755102040816,0.1683673469387755,0.030612244897959183,2359.0,Pluvialis squatarola,Charadriidae,Charadriiformes,AVIBASE-27903EF7,9,4,5,0,4,32.0,19.2,5.1,7.0,44.5,184.4,110.0,73.2,60.1,71.4,250.0,Dunning,,NO,,,Grassland,3,3.0,Carnivore,Aquatic predator,Terrestrial,58.39,79.37,70.21,24.35,3963258.28,both
52,0D88C072,0.07537688442211055,0.07035175879396985,0.09045226130653267,0.06532663316582915,0.05025125628140704,0.04522613065326633,0.10552763819095477,0.08040201005025126,0.09045226130653267,0.09045226130653267,0.1407035175879397,0.09547738693467336,2528.0,Actitis macularius,Scolopacidae,Charadriiformes,AVIBASE-0D88C072,5,3,2,0,4,25.7,16.2,2.7,3.3,24.2,100.4,47.6,52.6,47.5,53.0,40.4,Dunning,,NO,,,Wetland,3,3.0,Carnivore,Aquatic predator,Terrestrial,32.24,69.69,52.38,-107.73,13627000.39,both
53,B01E8BD4,0.07665505226480836,0.08710801393728224,0.08013937282229965,0.03832752613240418,0.010452961672473868,0.024390243902439025,0.013937282229965157,0.0,0.020905923344947737,0.20557491289198607,0.28222996515679444,0.1602787456445993,8902.0,Catharus guttatus,Turdidae,Passeriformes,AVIBASE-B01E8BD4,9,4,5,0,4,18.8,9.2,3.4,3.7,28.9,89.0,24.0,65.3,26.9,67.7,30.1,Dunning,,NO,,,Forest,1,3.0,Omnivore,Invertivore,Generalist,30.97,65.83,51.07,-107.41,8383811.92,both
54,FFF61080,0.059880239520958084,0.04790419161676647,0.11377245508982035,0.16766467065868262,0.05389221556886228,0.07784431137724551,0.08383233532934131,0.0658682634730539,0.12574850299401197,0.08982035928143713,0.041916167664670656,0.0718562874251497,10575.0,Leiothlypis celata,Parulidae,Passeriformes,AVIBASE-FFF61080,4,1,3,0,4,11.8,7.8,3.8,4.0,18.4,59.9,13.8,46.0,23.0,46.5,9.2,Dunning,,NO,,,Shrubland,1,3.0,Carnivore,Invertivore,Insessorial,30.58,68.99,54.4,-116.99,7482895.14,both
55,EA5E858A,0.04792746113989637,0.042746113989637305,0.09585492227979274,0.15544041450777202,0.10362694300518134,0.09196891191709844,0.07512953367875648,0.07124352331606218,0.10362694300518134,0.09067357512953368,0.05699481865284974,0.06476683937823834,10534.0,Euphagus cyanocephalus,Icteridae,Passeriformes,AVIBASE-EA5E858A,5,2,3,0,4,22.6,14.4,5.8,7.5,31.0,126.4,39.1,86.2,31.2,100.6,62.5,Dunning,,NO,,,Human Modified,3,2.0,Carnivore,Omnivore,Terrestrial,30.05,62.06,46.92,-110.63,5280448.27,both
56,85625D75,0.046677649643053265,0.05326743547501373,0.10269082921471719,0.171334431630972,0.14662273476112025,0.06479956068094453,0.04228445908841296,0.08896210873146623,0.06754530477759473,0.08182317408017573,0.0642504118616145,0.06974190005491489,525.0,Anas platyrhynchos,Anatidae,Anseriformes,AVIBASE-85625D75,12,6,6,0,4,58.5,41.0,20.8,17.8,40.6,263.4,133.5,129.9,50.7,86.9,843.4,Dunning,,NO,,,Wetland,3,2.0,Herbivore,Herbivore aquatic,Aquatic,20.46,72.37,51.63,11.04,39707247.47,both
57,1929E1E1,0.2517985611510791,0.1366906474820144,0.15827338129496402,0.03597122302158273,0.014388489208633094,0.014388489208633094,0.0,0.0,0.02158273381294964,0.014388489208633094,0.10071942446043165,0.2517985611510791,482.0,Aythya valisineria,Anatidae,Anseriformes,AVIBASE-1929E1E1,4,2,2,0,4,58.5,37.0,18.8,13.4,37.9,223.5,93.4,130.1,42.0,52.8,1202.0,Dunning,,NO,,,Wetland,3,3.0,Herbivore,Herbivore aquatic,Aquatic,37.03,69.38,57.0,-122.37,3654390.23,both
58,28669A3D,0.16103896103896104,0.10909090909090909,0.08311688311688312,0.01818181818181818,0.012987012987012988,0.01038961038961039,0.02077922077922078,0.005194805194805195,0.046753246753246755,0.19220779220779222,0.2025974025974026,0.13766233766233765,5872.0,Sayornis saya,Tyrannidae,Passeriformes,AVIBASE-28669A3D,5,2,3,0,4,19.5,11.3,5.4,4.2,20.2,104.4,26.8,77.7,25.6,79.8,20.9,Dunning,,NO,,,Forest,3,3.0,Carnivore,Invertivore,Insessorial,23.16,69.87,51.2,-122.26,7204273.9,both
59,018B3169,0.19327731092436976,0.1092436974789916,0.17647058823529413,0.08403361344537816,0.01680672268907563,0.025210084033613446,0.008403361344537815,0.03361344537815126,0.025210084033613446,0.025210084033613446,0.13445378151260504,0.16806722689075632,563.0,Podiceps auritus,Podicipedidae,Podicipediformes,AVIBASE-018B3169,6,2,4,0,4,30.2,15.4,4.7,7.1,42.9,137.8,57.2,78.3,42.2,33.2,453.0,Dunning,,NO,,,Wetland,3,3.0,Carnivore,Aquatic predator,Aquatic,41.12,70.66,57.33,19.63,16211072.27,both
60,CAA5E106,0.15757575757575756,0.08282828282828283,0.1111111111111111,0.050505050505050504,0.03838383838383838,0.04040404040404041,0.03838383838383838,0.030303030303030304,0.0707070707070707,0.12323232323232323,0.12727272727272726,0.1292929292929293,2964.0,Elanus leucurus,Accipitridae,Accipitriformes,AVIBASE-CAA5E106,6,0,1,5,4,25.3,15.3,8.8,10.9,31.8,294.0,120.3,168.4,41.5,170.3,346.0,Dunning,,NO,,,Human Modified,3,2.0,Carnivore,Vertivore,Aerial,-43.45,46.27,-8.72,-64.01,12522294.39,both
61,0B1B2EB6,0.06538461538461539,0.07307692307692308,0.07307692307692308,0.019230769230769232,0.011538461538461539,0.046153846153846156,0.06153846153846154,0.019230769230769232,0.07692307692307693,0.16153846153846155,0.2653846153846154,0.12692307692307692,10421.0,Passerella iliaca,Passerellidae,Passeriformes,AVIBASE-0B1B2EB6,5,2,3,0,4,13.4,8.5,5.3,7.5,24.3,84.2,21.9,61.9,26.1,68.2,33.3,Dunning,,NO,,,Forest,1,3.0,Omnivore,Omnivore,Generalist,46.61,70.64,60.38,-117.81,5235159.1,both
62,6BB94D7E,0.07840616966580977,0.028277634961439587,0.05012853470437018,0.11311053984575835,0.09254498714652956,0.13496143958868895,0.10025706940874037,0.08483290488431877,0.08097686375321336,0.10025706940874037,0.06555269922879177,0.07069408740359898,2221.0,Nycticorax nycticorax,Ardeidae,Pelecaniformes,AVIBASE-6BB94D7E,10,4,4,2,4,80.5,56.7,12.1,18.6,69.2,285.7,92.7,187.8,33.1,95.8,810.0,Dunning,,NO,,,Wetland,3,3.0,Carnivore,Aquatic predator,Terrestrial,-53.89,55.45,11.6,-6.01,50345275.03,both
63,3EF081A8,0.13178294573643412,0.10077519379844961,0.12403100775193798,0.06201550387596899,0.07751937984496124,0.06976744186046512,0.031007751937984496,0.05426356589147287,0.05426356589147287,0.023255813953488372,0.13178294573643412,0.13953488372093023,1876.0,Gallinula galeata,Rallidae,Gruiformes,AVIBASE-3EF081A8,7,4,3,0,4,31.4,15.8,5.4,9.8,51.1,176.1,57.9,120.5,32.4,74.9,339.6,DataFromSplit,,NO,,,Wetland,3,1.0,Omnivore,Omnivore,Terrestrial,-37.12,48.06,5.81,-71.22,13770097.15,both
64,A5F09E05,0.054187192118226604,0.05024630541871921,0.10344827586206896,0.1270935960591133,0.11625615763546798,0.15270935960591134,0.06403940886699508,0.04334975369458128,0.08669950738916256,0.07192118226600985,0.07192118226600985,0.05812807881773399,10441.0,Melospiza melodia,Passerellidae,Passeriformes,AVIBASE-A5F09E05,6,2,3,1,5,13.4,8.5,5.3,6.7,21.5,66.3,13.2,52.6,20.1,67.2,21.9,Dunning,,NO,,,Shrubland,2,2.0,Omnivore,Omnivore,Generalist,18.99,62.57,47.88,-103.48,10313728.38,both
65,BD61BDEC,0.08870967741935484,0.10944700460829493,0.15668202764976957,0.12096774193548387,0.002304147465437788,0.001152073732718894,0.0,0.0,0.04953917050691244,0.14400921658986174,0.17050691244239632,0.15668202764976957,10420.0,Zonotrichia atricapilla,Passerellidae,Passeriformes,AVIBASE-BD61BDEC,5,2,3,0,4,15.4,8.8,4.7,6.3,24.2,78.2,18.1,60.9,22.9,76.2,32.0,Dunning,,NO,,,Shrubland,2,3.0,Herbivore,Omnivore,Generalist,50.22,68.06,62.03,-144.87,1675616.7,both
66,D201EB72,0.19413919413919414,0.1575091575091575,0.13553113553113552,0.029304029304029304,0.0,0.007326007326007326,0.007326007326007326,0.0,0.014652014652014652,0.14285714285714285,0.1794871794871795,0.13186813186813187,515.0,Mareca americana,Anatidae,Anseriformes,AVIBASE-D201EB72,5,2,3,0,3,44.9,26.9,16.0,12.3,34.6,253.2,135.4,116.6,53.7,93.8,754.6,Dunning,,NO,,,Wetland,3,3.0,Herbivore,Omnivore,Terrestrial,35.79,70.64,55.41,-116.72,8979266.49,both
67,42393721,0.08610169491525424,0.08610169491525424,0.13016949152542373,0.14101694915254237,0.10711864406779661,0.04135593220338983,0.05152542372881356,0.06305084745762712,0.08135593220338982,0.07389830508474576,0.06644067796610169,0.07186440677966102,1557.0,Calypte anna,Trochilidae,Caprimulgiformes,AVIBASE-42393721,5,2,3,0,3,20.6,15.7,1.6,1.7,4.6,49.0,32.1,16.9,65.6,30.0,4.2,Dunning,,NO,,,Woodland,2,2.0,Herbivore,Nectarivore,Aerial,28.86,49.69,37.61,-118.56,493015.73,both
68,FF592882,0.05719921104536489,0.07889546351084813,0.10848126232741617,0.07495069033530571,0.11439842209072978,0.10453648915187377,0.0611439842209073,0.07889546351084813,0.11045364891518737,0.08284023668639054,0.05917159763313609,0.06903353057199212,7221.0,Poecile rufescens,Paridae,Passeriformes,AVIBASE-FF592882,4,2,2,0,3,10.8,6.7,2.8,3.2,15.8,61.1,10.9,50.2,17.8,47.0,9.4,Dunning,,NO,,,Forest,1,1.0,Omnivore,Invertivore,Insessorial,34.47,61.38,49.83,-124.88,958071.95,both
69,BBA263C2,0.06698564593301436,0.03349282296650718,0.07655502392344497,0.2535885167464115,0.06220095693779904,0.07655502392344497,0.0861244019138756,0.023923444976076555,0.08133971291866028,0.08133971291866028,0.06698564593301436,0.09090909090909091,586.0,Columba livia,Columbidae,Columbiformes,AVIBASE-BBA263C2,12,2,8,2,10,23.2,12.1,4.3,5.0,26.5,219.6,98.8,120.4,45.1,105.5,354.2,Dunning,,NO,,,Human Modified,3,1.0,Herbivore,Granivore,Terrestrial,5.92,62.4,33.52,51.08,17464191.46,both
70,20C2214E,0.17656765676567657,0.12376237623762376,0.11551155115511551,0.057755775577557754,0.033003300330033,0.028052805280528052,0.026402640264026403,0.04950495049504951,0.06435643564356436,0.08745874587458746,0.10891089108910891,0.12871287128712872,4045.0,Falco sparverius,Falconidae,Falconiformes,AVIBASE-20C2214E,7,1,5,1,4,17.1,11.0,8.4,10.1,33.7,182.4,77.9,100.1,43.7,126.5,114.6,Dunning,,NO,,,Grassland,3,3.0,Carnivore,Omnivore,Insessorial,-54.28,68.66,22.05,-87.91,26638648.91,both
71,BCF9A19A,0.06491499227202473,0.02936630602782071,0.0865533230293663,0.13292117465224113,0.1143740340030912,0.080370942812983,0.04482225656877898,0.06027820710973725,0.0865533230293663,0.13137557959814528,0.11282843894899536,0.05564142194744977,2373.0,Charadrius vociferus,Charadriidae,Charadriiformes,AVIBASE-BCF9A19A,4,2,2,0,4,21.5,13.1,3.5,4.2,34.4,158.8,83.5,75.2,52.6,85.8,96.4,Dunning,,NO,,,Wetland,3,3.0,Carnivore,Omnivore,Terrestrial,-18.69,68.94,44.7,-102.9,14759088.1,both
72,8EB0C1FA,0.08863198458574181,0.0674373795761079,0.19653179190751446,0.10211946050096339,0.0674373795761079,0.08285163776493257,0.08477842003853564,0.028901734104046242,0.04238921001926782,0.08477842003853564,0.09826589595375723,0.055876685934489405,2354.0,Recurvirostra americana,Recurvirostridae,Charadriiformes,AVIBASE-8EB0C1FA,5,2,3,0,4,91.2,73.9,6.6,5.2,92.0,218.2,104.4,113.8,47.8,81.8,304.5,Dunning,,NO,,,Wetland,3,2.0,Carnivore,Aquatic predator,Terrestrial,19.05,54.42,42.31,-107.39,2524844.1,both
73,A47B0BD4,0.05785123966942149,0.028925619834710745,0.07644628099173553,0.04338842975206612,0.0,0.0,0.05578512396694215,0.08884297520661157,0.18181818181818182,0.18388429752066116,0.2066115702479339,0.07644628099173553,2479.0,Calidris minutilla,Scolopacidae,Charadriiformes,AVIBASE-A47B0BD4,5,2,3,0,4,20.3,15.1,2.4,3.2,18.4,86.4,32.1,53.1,37.7,39.2,22.9,Dunning,,NO,,,Wetland,3,3.0,Carnivore,Aquatic predator,Terrestrial,43.39,71.39,62.1,-119.05,4973788.94,both
74,89431E9F,0.06256015399422522,0.04619826756496631,0.068334937439846,0.15591915303176132,0.1126082771896054,0.07892204042348412,0.09239653512993262,0.0904716073147257,0.07892204042348412,0.05871029836381136,0.08277189605389798,0.07218479307025986,10152.0,Haemorhous mexicanus,Fringillidae,Passeriformes,AVIBASE-89431E9F,5,2,3,0,4,10.6,8.4,6.6,8.2,17.4,77.2,21.2,55.8,27.5,66.2,21.4,Dunning,,NO,,,Shrubland,2,2.0,Herbivore,Granivore,Insessorial,16.79,55.29,38.88,-100.57,10299459.91,both
75,E196D6F9,0.23232323232323232,0.06060606060606061,0.05555555555555555,0.010101010101010102,0.015151515151515152,0.015151515151515152,0.03535353535353535,0.010101010101010102,0.05555555555555555,0.18686868686868688,0.1111111111111111,0.21212121212121213,1904.0,Antigone canadensis,Gruidae,Gruiformes,AVIBASE-E196D6F9,5,2,2,1,4,122.9,67.4,10.2,15.9,216.2,477.8,210.0,270.0,43.8,175.4,4296.2,Dunning,,NO,,,Wetland,3,3.0,Omnivore,Omnivore,Terrestrial,21.44,75.64,60.34,-103.96,8593771.09,both
76,00124D98,0.0627062706270627,0.024752475247524754,0.08415841584158416,0.16996699669966997,0.14686468646864687,0.11056105610561057,0.06930693069306931,0.10231023102310231,0.07260726072607261,0.057755775577557754,0.05115511551155116,0.04785478547854786,717.0,Zenaida macroura,Columbidae,Columbiformes,AVIBASE-00124D98,15,5,7,3,6,19.6,9.3,2.7,3.4,19.6,144.4,53.1,91.6,36.6,122.2,118.9,Dunning,,NO,,,Human Modified,3,1.0,Herbivore,Granivore,Terrestrial,7.45,56.32,39.64,-99.32,11131808.01,both
77,9E9F2476,0.07431551499348109,0.04954367666232073,0.1121251629726206,0.1408083441981747,0.12777053455019557,0.05867014341590613,0.05084745762711865,0.041720990873533245,0.07561929595827901,0.10039113428943937,0.08083441981747067,0.08735332464146023,6985.0,Corvus brachyrhynchos,Corvidae,Passeriformes,AVIBASE-9E9F2476,13,4,9,0,4,51.1,35.4,14.7,17.7,59.3,309.6,109.1,199.9,35.3,177.3,448.8,Dunning,,NO,,,Human Modified,2,2.0,Omnivore,Omnivore,Terrestrial,24.53,63.75,46.23,-97.42,11573830.54,both
78,0B0BC750,0.049429657794676805,0.07034220532319392,0.09315589353612168,0.1520912547528517,0.14258555133079848,0.13688212927756654,0.06273764258555133,0.03802281368821293,0.04182509505703422,0.0779467680608365,0.0779467680608365,0.057034220532319393,10358.0,Pipilo maculatus,Passerellidae,Passeriformes,AVIBASE-0B0BC750,13,5,8,0,13,17.4,10.3,6.0,8.0,28.4,85.8,11.8,74.0,13.7,99.4,39.3,Dunning,,NO,,,Forest,2,2.0,Omnivore,Omnivore,Generalist,14.26,54.19,41.83,-112.1,3630810.42,both
79,25C94A8F,0.2013888888888889,0.1111111111111111,0.3541666666666667,0.08333333333333333,0.020833333333333332,0.027777777777777776,0.013888888888888888,0.013888888888888888,0.0,0.006944444444444444,0.06944444444444445,0.09722222222222222,490.0,Aythya marila,Anatidae,Anseriformes,AVIBASE-25C94A8F,10,4,6,0,4,47.8,29.7,22.9,14.3,34.2,213.5,104.1,108.9,48.9,53.5,1005.4,Dunning,,NO,,,Wetland,3,3.0,Omnivore,Aquatic predator,Aquatic,46.75,74.67,64.6,26.26,11929401.28,both
80,C6E1197B,0.09042553191489362,0.125,0.17287234042553193,0.14361702127659576,0.05319148936170213,0.08244680851063829,0.015957446808510637,0.0797872340425532,0.031914893617021274,0.031914893617021274,0.09840425531914894,0.07446808510638298,570.0,Aechmophorus occidentalis,Podicipedidae,Podicipediformes,AVIBASE-C6E1197B,4,0,3,1,4,73.2,54.1,6.6,10.2,71.7,184.5,75.4,109.0,40.8,29.8,1137.0,Dunning,,NO,,,Wetland,3,3.0,Carnivore,Aquatic predator,Aquatic,18.07,58.29,44.29,-110.04,4866227.6,both
81,407E2CA8,0.13623188405797101,0.06376811594202898,0.1391304347826087,0.10144927536231885,0.0782608695652174,0.08695652173913043,0.057971014492753624,0.06086956521739131,0.05507246376811594,0.06956521739130435,0.05507246376811594,0.09565217391304348,436.0,Mergus merganser,Anatidae,Anseriformes,AVIBASE-407E2CA8,13,6,7,0,4,69.4,38.4,10.4,11.7,50.9,270.8,123.8,145.7,46.0,107.2,1451.0,Dunning,,NO,,,Riverine,3,3.0,Carnivore,Aquatic predator,Aquatic,29.19,71.19,54.96,28.88,24915961.61,both
82,240E3390,0.06281407035175879,0.04020100502512563,0.0678391959798995,0.1934673366834171,0.08793969849246232,0.15577889447236182,0.09798994974874371,0.06281407035175879,0.07035175879396985,0.07035175879396985,0.06281407035175879,0.02763819095477387,9910.0,Passer domesticus,Passeridae,Passeriformes,AVIBASE-240E3390,25,12,13,0,8,13.5,9.1,6.3,7.4,17.9,74.9,20.4,54.4,27.3,57.2,26.5,Dunning,,NO,,,Human Modified,3,1.0,Herbivore,Granivore,Terrestrial,5.91,71.19,46.32,61.68,34407867.59,both
83,7EFF698D,0.07789473684210527,0.042105263157894736,0.12421052631578948,0.16631578947368422,0.0968421052631579,0.08,0.08421052631578947,0.04842105263157895,0.042105263157894736,0.06947368421052631,0.09052631578947369,0.07789473684210527,8828.0,Mimus polyglottos,Mimidae,Passeriformes,AVIBASE-7EFF698D,12,5,7,0,4,22.1,12.2,4.6,5.3,32.2,112.3,23.1,90.5,20.6,117.6,48.5,Dunning,,NO,,,Shrubland,2,3.0,Omnivore,Omnivore,Generalist,16.21,50.99,37.86,-98.85,10145517.51,both
84,7FCE8A43,0.06918238993710692,0.0649895178197065,0.09853249475890985,0.06289308176100629,0.09643605870020965,0.0859538784067086,0.09433962264150944,0.07966457023060797,0.07337526205450734,0.08385744234800839,0.08176100628930817,0.1090146750524109,2626.0,Larus californicus,Laridae,Charadriiformes,AVIBASE-7FCE8A43,4,2,2,0,4,55.7,19.8,7.0,14.2,57.0,377.0,220.2,156.8,58.4,140.0,683.4,Dunning,,NO,,,Coastal,3,2.0,Omnivore,Omnivore,Terrestrial,37.92,64.01,52.58,-110.0,1997786.84,both
85,B59E1863,0.060955518945634266,0.06836902800658978,0.12520593080724876,0.23146622734761121,0.1013179571663921,0.05271828665568369,0.05930807248764415,0.051894563426688634,0.06013179571663921,0.07248764415156507,0.04612850082372323,0.0700164744645799,408.0,Branta canadensis,Anatidae,Anseriformes,AVIBASE-B59E1863,10,5,3,2,8,50.0,28.2,19.9,15.3,73.3,422.9,206.5,210.9,49.4,121.6,2811.7,Dunning,,NO,,,Grassland,3,3.0,Herbivore,Herbivore terrestrial,Terrestrial,26.42,73.07,53.3,-104.21,12236810.45,both
86,C9ABA616,0.034220532319391636,0.053231939163498096,0.03802281368821293,0.11787072243346007,0.08745247148288973,0.11406844106463879,0.08745247148288973,0.11787072243346007,0.1634980988593156,0.053231939163498096,0.08365019011406843,0.049429657794676805,10229.0,Spinus tristis,Fringillidae,Passeriformes,AVIBASE-C9ABA616,9,4,5,0,8,11.5,8.2,4.3,6.3,13.5,69.8,19.1,50.3,27.6,48.3,12.8,Dunning,,NO,,,Forest,1,1.0,Herbivore,Granivore,Insessorial,31.4,57.36,44.46,-96.32,7802444.22,both
87,F59AB6B3,0.020771513353115726,0.002967359050445104,0.002967359050445104,0.005934718100890208,0.0712166172106825,0.142433234421365,0.15281899109792285,0.14094955489614244,0.15578635014836795,0.142433234421365,0.10682492581602374,0.05489614243323442,2269.0,Pelecanus occidentalis,Pelecanidae,Pelecaniformes,AVIBASE-F59AB6B3,5,2,0,3,4,319.5,285.0,38.8,43.4,71.7,494.6,241.0,259.5,48.1,128.2,3427.8,Dunning,,NO,,,Marine,3,1.0,Carnivore,Aquatic predator,Aerial,-3.22,39.59,17.7,-83.58,1823742.36,both
88,94A44032,0.05250596658711217,0.06205250596658711,0.1026252983293556,0.21241050119331742,0.11694510739856802,0.06443914081145585,0.03579952267303103,0.057279236276849645,0.09307875894988067,0.06443914081145585,0.07637231503579953,0.06205250596658711,8683.0,Sturnus vulgaris,Sturnidae,Passeriformes,AVIBASE-94A44032,28,11,17,0,10,30.2,18.5,6.6,6.5,29.0,128.3,49.2,79.1,38.4,65.8,77.1,Dunning,,NO,,,Human Modified,3,2.0,Omnivore,Omnivore,Insessorial,24.55,71.19,50.32,52.41,17082191.68,both
89,BA4C8A02,0.037267080745341616,0.031055900621118012,0.08695652173913043,0.09937888198757763,0.09937888198757763,0.09316770186335403,0.031055900621118012,0.09316770186335403,0.18012422360248448,0.09316770186335403,0.08695652173913043,0.06832298136645963,10595.0,Geothlypis trichas,Parulidae,Passeriformes,AVIBASE-BA4C8A02,23,7,16,0,5,12.7,7.9,3.0,3.3,20.2,54.7,8.5,44.3,16.1,49.4,9.5,Dunning,,NO,,,Wetland,1,3.0,Carnivore,Invertivore,Insessorial,18.49,65.84,44.7,-101.34,12826786.25,both
90,3558066B,0.11646586345381527,0.08433734939759036,0.10441767068273092,0.024096385542168676,0.024096385542168676,0.04417670682730924,0.04417670682730924,0.09236947791164658,0.13654618473895583,0.11646586345381527,0.12449799196787148,0.08835341365461848,3446.0,Megaceryle alcyon,Alcedinidae,Coraciiformes,AVIBASE-3558066B,6,3,3,0,4,58.6,44.8,9.5,13.4,12.5,158.8,53.2,105.0,33.6,94.3,148.0,Dunning,,NO,,,Riverine,3,2.0,Carnivore,Aquatic predator,Insessorial,26.81,68.33,50.37,-106.94,13996585.38,both
91,AF49F890,0.07258064516129033,0.08064516129032258,0.04032258064516129,0.06451612903225806,0.0,0.04838709677419355,0.024193548387096774,0.008064516129032258,0.1532258064516129,0.13709677419354838,0.24193548387096775,0.12903225806451613,10442.0,Melospiza lincolnii,Passerellidae,Passeriformes,AVIBASE-AF49F890,4,2,2,0,4,13.2,8.0,4.0,5.1,20.1,64.0,14.3,49.7,22.3,56.8,16.6,Dunning,,NO,,,Wetland,2,3.0,Omnivore,Omnivore,Generalist,32.71,66.53,54.29,-105.44,7567216.93,both
92,FC366114,0.08881578947368421,0.06578947368421052,0.09868421052631579,0.10526315789473684,0.0756578947368421,0.08881578947368421,0.07894736842105263,0.13486842105263158,0.11513157894736842,0.05921052631578947,0.046052631578947366,0.04276315789473684,2926.0,Bubo virginianus,Strigidae,Strigiformes,AVIBASE-FC366114,4,2,2,0,4,44.7,24.7,17.8,25.4,75.4,371.2,112.7,258.5,30.4,197.0,1354.5,Updated_literature,Earhart & Johnson (1970),NO,,,Forest,2,1.0,Carnivore,Vertivore,Insessorial,-35.8,68.52,34.04,-94.19,24426738.59,both
93,2225D685,0.0218408736349454,0.0390015600624025,0.06396255850234009,0.08892355694227769,0.10920436817472699,0.15600624024961,0.11544461778471139,0.11076443057722309,0.10140405616224649,0.09516380655226209,0.056162246489859596,0.0421216848673947,7026.0,Cyanocitta stelleri,Corvidae,Passeriformes,AVIBASE-2225D685,10,2,8,0,4,33.7,21.1,10.2,9.5,43.0,145.8,20.0,125.8,13.6,133.2,128.0,Dunning,,NO,,,Forest,1,1.0,Omnivore,Omnivore,Insessorial,12.8,61.65,41.95,-116.24,3560822.24,both
94,6EB81C98,0.07042253521126761,0.04024144869215292,0.11267605633802817,0.03822937625754527,0.002012072434607646,0.01609657947686117,0.06237424547283702,0.056338028169014086,0.10663983903420524,0.22736418511066397,0.16297786720321933,0.10462776659959759,2537.0,Tringa melanoleuca,Scolopacidae,Charadriiformes,AVIBASE-6EB81C98,4,2,2,0,4,59.9,45.9,4.8,6.0,60.5,194.5,97.6,96.9,50.2,79.8,161.7,Dunning,,NO,,,Wetland,3,3.0,Carnivore,Aquatic predator,Terrestrial,46.61,63.86,55.28,-105.12,4407162.64,both
95,20748450,0.0916030534351145,0.06870229007633588,0.08396946564885496,0.16793893129770993,0.12213740458015267,0.15267175572519084,0.05343511450381679,0.05343511450381679,0.05343511450381679,0.015267175572519083,0.06870229007633588,0.06870229007633588,8844.0,Toxostoma redivivum,Mimidae,Passeriformes,AVIBASE-20748450,5,2,2,1,4,40.2,30.5,6.5,6.9,36.4,102.4,9.8,92.4,9.5,133.0,84.4,Dunning,,NO,,,Shrubland,2,1.0,Omnivore,Invertivore,Generalist,29.42,42.0,36.46,-120.09,167320.21,both
96,03AC32BA,0.11607142857142858,0.125,0.15178571428571427,0.125,0.026785714285714284,0.026785714285714284,0.044642857142857144,0.008928571428571428,0.017857142857142856,0.0625,0.11607142857142858,0.17857142857142858,2636.0,Larus glaucescens,Laridae,Charadriiformes,AVIBASE-03AC32BA,4,2,2,0,4,69.8,25.2,9.2,19.7,65.2,411.8,218.2,193.5,53.0,166.0,1056.5,Dunning,,NO,,,Coastal,3,3.0,Carnivore,Aquatic predator,Generalist,45.49,65.31,58.07,-98.43,899194.26,both
97,9437D635,0.1188118811881188,0.0891089108910891,0.0858085808580858,0.1485148514851485,0.10231023102310231,0.0297029702970297,0.009900990099009901,0.0297029702970297,0.026402640264026403,0.12211221122112212,0.1551155115511551,0.08250825082508251,9375.0,Bombycilla cedrorum,Bombycillidae,Passeriformes,AVIBASE-9437D635,10,4,6,0,4,15.1,6.6,4.5,4.9,16.7,95.4,33.5,62.0,35.1,59.8,31.6,Dunning,,NO,,,Woodland,2,3.0,Herbivore,Frugivore,Insessorial,33.45,60.2,47.88,-97.87,7437954.14,both
98,B9EE9676,0.21341463414634146,0.06097560975609756,0.06097560975609756,0.12804878048780488,0.07317073170731707,0.10365853658536585,0.018292682926829267,0.10365853658536585,0.042682926829268296,0.07926829268292683,0.06707317073170732,0.04878048780487805,2803.0,Athene cunicularia,Strigidae,Strigiformes,AVIBASE-B9EE9676,5,2,3,0,4,24.1,15.5,7.9,13.7,43.4,180.0,51.0,128.9,28.3,80.2,150.6,Dunning,,NO,,,Grassland,3,1.0,Carnivore,Vertivore,Generalist,-53.49,53.84,3.15,-79.83,14303129.42,both
99,D05FFEF7,0.06470588235294118,0.1,0.2,0.14705882352941177,0.07058823529411765,0.07647058823529412,0.0058823529411764705,0.1,0.041176470588235294,0.03529411764705882,0.06470588235294118,0.09411764705882353,571.0,Aechmophorus clarkii,Podicipedidae,Podicipediformes,AVIBASE-D05FFEF7,5,1,3,1,4,77.9,58.8,7.5,11.6,76.6,195.4,79.8,111.7,41.8,34.0,1090.9,Dunning,,NO,,,Wetland,3,3.0,Carnivore,Aquatic predator,Aquatic,18.07,53.31,41.16,-110.88,3589069.35,both
100,15369E8E,0.10606060606060606,0.09848484848484848,0.03787878787878788,0.10606060606060606,0.015151515151515152,0.0,0.007575757575757576,0.007575757575757576,0.05303030303030303,0.09090909090909091,0.3106060606060606,0.16666666666666666,2474.0,Calidris alpina,Scolopacidae,Charadriiformes,AVIBASE-15369E8E,10,5,5,0,4,36.9,28.1,2.9,4.3,24.7,115.1,61.6,53.7,53.4,48.6,51.9,Dunning,,NO,,,Wetland,3,3.0,Carnivore,Aquatic predator,Terrestrial,48.72,79.36,68.24,43.99,4754236.34,both
101,01060BFD,0.06880733944954129,0.03669724770642202,0.01834862385321101,0.10550458715596331,0.009174311926605505,0.009174311926605505,0.27522935779816515,0.09174311926605505,0.1651376146788991,0.05963302752293578,0.13302752293577982,0.027522935779816515,2484.0,Calidris mauri,Scolopacidae,Charadriiformes,AVIBASE-01060BFD,5,2,3,0,4,21.0,15.8,2.3,3.5,21.0,92.2,45.5,47.5,49.0,38.4,27.8,Dunning,,NO,,,Shrubland,3,3.0,Carnivore,Aquatic predator,Terrestrial,56.9,71.39,64.59,-162.32,310485.3,both
102,95E28A57,0.018867924528301886,0.04716981132075472,0.018867924528301886,0.20754716981132076,0.018867924528301886,0.009433962264150943,0.1509433962264151,0.16981132075471697,0.1509433962264151,0.1320754716981132,0.03773584905660377,0.03773584905660377,2369.0,Charadrius semipalmatus,Charadriidae,Charadriiformes,AVIBASE-95E28A57,5,2,3,0,4,14.5,8.5,3.2,3.7,22.9,118.4,65.0,51.0,56.0,51.8,46.7,Dunning,,NO,,,Wetland,3,3.0,Carnivore,Aquatic predator,Terrestrial,43.39,73.56,64.38,-120.66,4938225.48,both
103,DE0971C1,0.02727272727272727,0.01818181818181818,0.01818181818181818,0.03636363636363636,0.06363636363636363,0.12727272727272726,0.2,0.16363636363636364,0.16363636363636364,0.06363636363636363,0.045454545454545456,0.07272727272727272,7217.0,Poecile gambeli,Paridae,Passeriformes,AVIBASE-DE0971C1,4,2,2,0,4,11.8,8.9,3.4,3.8,18.1,68.8,13.2,55.5,19.2,59.5,11.2,Dunning,,NO,,,Forest,1,1.0,Omnivore,Invertivore,Insessorial,30.24,60.7,44.25,-115.84,2711124.48,both
104,866903B9,0.06680161943319839,0.02631578947368421,0.08704453441295547,0.05263157894736842,0.04251012145748988,0.13157894736842105,0.12550607287449392,0.13360323886639677,0.10728744939271255,0.11336032388663968,0.06275303643724696,0.05060728744939271,2271.0,Pelecanus erythrorhynchos,Pelecanidae,Pelecaniformes,AVIBASE-866903B9,5,0,2,3,4,319.8,296.8,39.6,38.8,115.9,561.0,251.0,308.8,44.9,146.2,5608.5,Dunning,,NO,,,Wetland,3,2.0,Carnivore,Aquatic predator,Aquatic,25.33,59.62,49.58,-106.75,1206894.35,both
105,60E6081E,0.14864864864864866,0.1554054054054054,0.12837837837837837,0.0472972972972973,0.02702702702702703,0.013513513513513514,0.006756756756756757,0.02027027027027027,0.02027027027027027,0.060810810810810814,0.17567567567567569,0.19594594594594594,435.0,Lophodytes cucullatus,Anatidae,Anseriformes,AVIBASE-60E6081E,5,2,3,0,4,39.6,27.6,8.3,9.3,29.2,186.6,95.0,91.5,50.9,85.6,613.8,Dunning,,NO,,,Wetland,3,3.0,Carnivore,Aquatic predator,Aquatic,29.76,56.35,44.5,-91.96,5510396.5,both
106,F93AC929,0.052100840336134456,0.02857142857142857,0.043697478991596636,0.12941176470588237,0.17142857142857143,0.10756302521008404,0.10084033613445378,0.07899159663865546,0.10084033613445378,0.09915966386554621,0.05714285714285714,0.030252100840336135,160.0,Callipepla californica,Odontophoridae,Galliformes,AVIBASE-F93AC929,5,2,3,0,4,14.1,7.2,5.6,6.8,28.5,108.2,28.3,79.5,26.2,82.2,165.7,Dunning,,NO,,,Shrubland,2,1.0,Herbivore,Omnivore,Terrestrial,22.87,51.77,40.86,-118.9,1087257.04,both
107,0413ED30,0.06629834254143646,0.09944751381215469,0.07734806629834254,0.08287292817679558,0.0055248618784530384,0.0,0.016574585635359115,0.1712707182320442,0.16022099447513813,0.1270718232044199,0.08839779005524862,0.10497237569060773,2460.0,Arenaria melanocephala,Scolopacidae,Charadriiformes,AVIBASE-0413ED30,5,2,3,0,4,25.4,15.2,3.8,5.0,25.8,142.0,72.5,69.5,51.1,61.2,126.2,Dunning,,NO,,,Coastal,3,3.0,Carnivore,Aquatic predator,Terrestrial,54.51,68.88,62.9,-163.14,83412.69,both
108,6996D540,0.024154589371980676,0.024154589371980676,0.012077294685990338,0.00966183574879227,0.007246376811594203,0.06038647342995169,0.2246376811594203,0.1859903381642512,0.1642512077294686,0.13043478260869565,0.08695652173913043,0.07004830917874397,2617.0,Larus heermanni,Laridae,Charadriiformes,AVIBASE-6996D540,4,2,2,0,4,56.3,18.0,6.0,12.2,51.6,336.2,185.8,150.5,55.2,133.2,500.0,Dunning,,NO,,,Coastal,3,1.0,Carnivore,Aquatic predator,Aerial,20.29,36.98,27.49,-114.16,842438.69,both
109,39F29B55,0.022123893805309734,0.01327433628318584,0.0752212389380531,0.0752212389380531,0.10619469026548672,0.24336283185840707,0.17256637168141592,0.13274336283185842,0.04424778761061947,0.048672566371681415,0.035398230088495575,0.030973451327433628,2709.0,Uria aalge,Alcidae,Charadriiformes,AVIBASE-39F29B55,6,4,2,0,4,56.8,37.3,8.1,13.3,35.9,196.3,111.2,82.2,57.5,49.8,991.9,Dunning,,NO,,,Marine,3,3.0,Carnivore,Aquatic predator,Aquatic,34.56,78.22,58.79,-17.82,1547284.08,both
110,78509A5D,0.09859154929577464,0.04225352112676056,0.09154929577464789,0.2323943661971831,0.1267605633802817,0.04929577464788732,0.1056338028169014,0.04225352112676056,0.08450704225352113,0.07042253521126761,0.04225352112676056,0.014084507042253521,10305.0,Chondestes grammacus,Passerellidae,Passeriformes,AVIBASE-78509A5D,5,2,3,0,4,15.1,9.7,5.1,7.1,20.1,85.5,24.7,60.9,28.8,64.3,29.0,Dunning,,NO,,,Shrubland,3,2.0,Herbivore,Granivore,Generalist,20.37,52.1,38.78,-103.76,5604939.24,both
111,5CBA3391,0.04608294930875576,0.07373271889400922,0.059907834101382486,0.22119815668202766,0.10599078341013825,0.14285714285714285,0.08294930875576037,0.06912442396313365,0.041474654377880185,0.059907834101382486,0.055299539170506916,0.041474654377880185,10540.0,Quiscalus mexicanus,Icteridae,Passeriformes,AVIBASE-5CBA3391,18,8,10,0,4,43.3,29.2,8.2,11.5,47.9,168.6,46.0,126.4,26.8,170.1,160.5,Dunning,,NO,,,Human Modified,3,1.0,Omnivore,Omnivore,Terrestrial,-3.64,43.84,29.28,-101.43,5121812.21,both
112,FD2B0309,0.08097165991902834,0.024291497975708502,0.044534412955465584,0.020242914979757085,0.04048582995951417,0.13765182186234817,0.11740890688259109,0.1700404858299595,0.12955465587044535,0.10121457489878542,0.07692307692307693,0.05668016194331984,2189.0,Plegadis chihi,Threskiornithidae,Pelecaniformes,AVIBASE-FD2B0309,6,3,3,0,4,118.7,99.4,10.3,14.0,86.1,246.5,93.8,149.0,38.6,95.5,616.9,Dunning,,NO,,,Wetland,3,2.0,Carnivore,Aquatic predator,Terrestrial,-43.87,49.46,-8.5,-73.92,5296229.51,both
113,1E1AB415,0.022304832713754646,0.03345724907063197,0.05947955390334572,0.1821561338289963,0.1821561338289963,0.18587360594795538,0.13011152416356878,0.07063197026022305,0.03717472118959108,0.02973977695167286,0.040892193308550186,0.026022304832713755,10527.0,Molothrus ater,Icteridae,Passeriformes,AVIBASE-1E1AB415,5,2,3,0,4,17.6,11.1,5.8,8.9,24.7,105.0,33.9,68.8,33.0,69.8,40.3,Dunning,,NO,,,Forest,2,3.0,Carnivore,Invertivore,Terrestrial,17.0,67.45,43.0,-101.66,11727469.53,both
114,CB343E43,0.1597222222222222,0.013888888888888888,0.05555555555555555,0.1388888888888889,0.034722222222222224,0.0,0.08333333333333333,0.034722222222222224,0.09027777777777778,0.1597222222222222,0.1388888888888889,0.09027777777777778,2491.0,Limnodromus scolopaceus,Scolopacidae,Charadriiformes,AVIBASE-CB343E43,4,2,2,0,4,70.7,61.9,4.5,7.1,38.6,145.5,74.2,71.2,51.0,56.5,104.4,Dunning,,NO,,,Wetland,3,3.0,Carnivore,Aquatic predator,Terrestrial,59.64,74.27,68.11,18.59,1045265.04,both
115,BAC33609,0.03550295857988166,0.0650887573964497,0.04142011834319527,0.047337278106508875,0.08875739644970414,0.09467455621301775,0.05325443786982249,0.1301775147928994,0.15976331360946747,0.08875739644970414,0.1242603550295858,0.07100591715976332,8533.0,Certhia americana,Certhiidae,Passeriformes,AVIBASE-BAC33609,6,3,3,0,4,16.2,9.6,2.0,2.8,14.2,63.6,15.3,48.2,24.1,63.3,8.1,Dunning,,NO,,,Forest,1,1.0,Carnivore,Invertivore,Insessorial,12.86,63.31,45.97,-101.91,6543644.5,both
116,787E0536,0.078125,0.08854166666666667,0.18229166666666666,0.08854166666666667,0.0625,0.125,0.041666666666666664,0.036458333333333336,0.078125,0.0625,0.078125,0.078125,8612.0,Cistothorus palustris,Troglodytidae,Passeriformes,AVIBASE-787E0536,4,2,2,0,4,16.0,9.9,2.7,3.4,19.2,48.4,9.7,38.7,20.0,39.5,10.8,Dunning,,NO,,,Wetland,3,2.0,Carnivore,Invertivore,Insessorial,19.33,59.35,44.47,-102.65,4855077.99,both
117,989B57D8,0.008771929824561403,0.03508771929824561,0.05263157894736842,0.10526315789473684,0.09649122807017543,0.18421052631578946,0.07017543859649122,0.08771929824561403,0.09649122807017543,0.15789473684210525,0.07894736842105263,0.02631578947368421,8099.0,Chamaea fasciata,Sylviidae,Passeriformes,AVIBASE-989B57D8,5,2,3,0,4,12.8,6.7,3.0,3.8,24.9,58.0,6.8,50.9,11.8,83.4,14.7,Dunning,,NO,,,Shrubland,2,1.0,Omnivore,Invertivore,Insessorial,30.04,46.17,37.92,-120.9,246063.25,both
118,BC06BC0D,0.0043859649122807015,0.0,0.008771929824561403,0.15350877192982457,0.11403508771929824,0.2543859649122807,0.22807017543859648,0.15350877192982457,0.07894736842105263,0.0,0.0,0.0043859649122807015,2653.0,Hydroprogne caspia,Laridae,Charadriiformes,AVIBASE-BC06BC0D,10,5,5,0,4,78.7,49.1,10.4,19.2,42.6,410.7,268.2,143.1,65.1,148.7,655.0,Dunning,,NO,,,Wetland,3,3.0,Carnivore,Aquatic predator,Aerial,-46.99,65.99,7.58,76.67,6293644.91,both
119,B4EE123D,0.05737704918032787,0.1557377049180328,0.22131147540983606,0.05737704918032787,0.10655737704918032,0.10655737704918032,0.05737704918032787,0.02459016393442623,0.02459016393442623,0.07377049180327869,0.06557377049180328,0.04918032786885246,10154.0,Haemorhous purpureus,Fringillidae,Passeriformes,AVIBASE-B4EE123D,8,3,5,0,4,12.2,9.1,7.5,9.0,16.6,81.1,22.8,58.2,28.1,59.5,23.3,Dunning,,NO,,,Forest,2,2.0,Herbivore,Omnivore,Insessorial,32.56,62.24,50.66,-99.96,4534365.72,both
120,BBA2F9DF,0.012779552715654952,0.054313099041533544,0.134185303514377,0.3194888178913738,0.16932907348242812,0.18210862619808307,0.04792332268370607,0.012779552715654952,0.04153354632587859,0.022364217252396165,0.003194888178913738,0.0,7735.0,Tachycineta bicolor,Hirundinidae,Passeriformes,AVIBASE-BBA2F9DF,10,4,6,0,4,10.8,5.9,3.8,2.8,12.2,115.9,61.3,54.3,53.0,54.0,21.2,Dunning,,NO,,,Wetland,3,3.0,Carnivore,Invertivore,Aerial,33.0,68.64,52.15,-107.17,11720977.55,both
121,6C74415D,0.009345794392523364,0.009345794392523364,0.028037383177570093,0.04672897196261682,0.11214953271028037,0.205607476635514,0.16822429906542055,0.08411214953271028,0.17757009345794392,0.07476635514018691,0.08411214953271028,0.0,3979.0,Leuconotopicus albolarvatus,Picidae,Piciformes,AVIBASE-6C74415D,5,2,2,1,4,26.0,20.5,7.3,7.2,20.4,127.0,33.1,95.3,25.8,90.0,61.1,Dunning,,NO,,,Forest,2,1.0,Carnivore,Invertivore,Insessorial,33.08,50.01,42.45,-119.71,499656.93,both
122,BD0914CB,0.011428571428571429,0.02857142857142857,0.05714285714285714,0.08,0.07428571428571429,0.11428571428571428,0.10285714285714286,0.13714285714285715,0.12571428571428572,0.09714285714285714,0.08571428571428572,0.08571428571428572,8545.0,Sitta pygmaea,Sittidae,Passeriformes,AVIBASE-BD0914CB,5,2,3,0,4,14.1,9.7,3.2,3.7,16.8,66.4,11.9,54.4,18.0,38.3,10.6,Dunning,,NO,,,Forest,1,1.0,Omnivore,Invertivore,Insessorial,18.7,50.53,37.62,-111.62,1953869.52,both
123,75DC49AD,0.0049261083743842365,0.024630541871921183,0.1330049261083744,0.1724137931034483,0.270935960591133,0.1921182266009852,0.1477832512315271,0.024630541871921183,0.024630541871921183,0.0049261083743842365,0.0,0.0,7736.0,Tachycineta thalassina,Hirundinidae,Passeriformes,AVIBASE-75DC49AD,12,4,7,1,4,9.9,5.0,3.6,3.0,11.3,115.5,63.6,53.0,54.5,48.1,14.1,Dunning,,NO,,,Forest,3,3.0,Carnivore,Invertivore,Aerial,18.3,66.72,46.28,-121.35,6104146.62,both
124,0716A71C,0.0,0.0106951871657754,0.0,0.016042780748663103,0.0106951871657754,0.058823529411764705,0.053475935828877004,0.13368983957219252,0.27807486631016043,0.1711229946524064,0.1711229946524064,0.0962566844919786,8552.0,Sitta canadensis,Sittidae,Passeriformes,AVIBASE-0716A71C,5,2,3,0,4,14.0,10.4,3.3,3.2,14.5,66.4,17.3,48.9,26.2,35.6,9.8,Dunning,,NO,,,Forest,1,3.0,Omnivore,Omnivore,Insessorial,31.61,63.37,49.37,-105.04,7299100.07,both
125,F5C181CA,0.0034602076124567475,0.0034602076124567475,0.06920415224913495,0.24567474048442905,0.1695501730103806,0.328719723183391,0.13494809688581316,0.031141868512110725,0.006920415224913495,0.0,0.0,0.006920415224913495,7697.0,Petrochelidon pyrrhonota,Hirundinidae,Passeriformes,AVIBASE-F5C181CA,12,3,5,4,4,11.3,5.9,4.5,3.0,12.6,109.3,54.2,56.4,49.0,49.2,21.6,Dunning,,NO,,,Grassland,3,3.0,Carnivore,Invertivore,Aerial,16.24,66.98,46.7,-108.51,11994340.08,both
126,58C502EA,0.0,0.005747126436781609,0.06321839080459771,0.20114942528735633,0.16379310344827586,0.1867816091954023,0.15804597701149425,0.1724137931034483,0.04885057471264368,0.0,0.0,0.0,7714.0,Hirundo rustica,Hirundinidae,Passeriformes,AVIBASE-58C502EA,68,23,24,21,10,12.4,6.0,4.5,2.7,11.7,115.8,62.3,56.0,52.6,71.4,17.9,Dunning,,NO,,,Human Modified,3,3.0,Carnivore,Invertivore,Aerial,-37.53,71.13,47.56,34.57,51701054.06,both
127,DE473F42,0.0,0.0,0.09473684210526316,0.4263157894736842,0.1368421052631579,0.12105263157894737,0.12631578947368421,0.03684210526315789,0.015789473684210527,0.03684210526315789,0.005263157894736842,0.0,3193.0,Buteo swainsoni,Accipitridae,Accipitriformes,AVIBASE-DE473F42,6,2,3,1,4,35.3,21.0,13.6,16.6,60.7,383.7,175.2,201.8,46.6,193.6,946.6,Dunning,,NO,,,Grassland,3,3.0,Carnivore,Vertivore,Insessorial,24.73,57.08,40.95,-107.07,4303055.16,both
128,7E65A952,0.0,0.0,0.0641025641025641,0.3141025641025641,0.1858974358974359,0.2564102564102564,0.14102564102564102,0.03205128205128205,0.00641025641025641,0.0,0.0,0.0,10493.0,Icterus bullockiorum,Icteridae,Passeriformes,AVIBASE-7E65A952,14,7,7,0,13,20.4,13.0,4.8,6.0,23.9,97.0,25.3,71.2,26.3,77.5,37.9,Dunning,,NO,,,Forest,2,3.0,Carnivore,Invertivore,Insessorial,24.38,51.92,38.26,-110.62,3649427.51,both
129,1F09CCCC,0.0,0.0,0.05813953488372093,0.20348837209302326,0.13372093023255813,0.23255813953488372,0.11046511627906977,0.11046511627906977,0.13372093023255813,0.0,0.01744186046511628,0.0,10667.0,Cardellina pusilla,Parulidae,Passeriformes,AVIBASE-1F09CCCC,21,10,11,0,4,11.6,6.6,3.2,3.1,17.9,56.3,11.5,44.1,20.7,48.1,7.0,Dunning,,NO,,,Forest,1,3.0,Carnivore,Invertivore,Insessorial,34.29,69.66,56.95,-113.01,7961357.24,both
130,2281F1C7,0.0,0.0,0.04878048780487805,0.34494773519163763,0.24738675958188153,0.156794425087108,0.11846689895470383,0.07665505226480836,0.006968641114982578,0.0,0.0,0.0,5733.0,Tyrannus verticalis,Tyrannidae,Passeriformes,AVIBASE-2281F1C7,4,2,2,0,4,21.8,13.5,7.5,6.4,18.3,126.1,41.9,84.3,33.2,89.9,39.6,Dunning,,NO,,,Shrubland,3,3.0,Carnivore,Invertivore,Insessorial,26.05,53.7,40.94,-108.96,5067458.79,both
131,526A3692,0.0,0.0,0.022727272727272728,0.24242424242424243,0.18181818181818182,0.18181818181818182,0.1590909090909091,0.15151515151515152,0.05303030303030303,0.0,0.0,0.007575757575757576,10503.0,Icterus cucullatus,Icteridae,Passeriformes,AVIBASE-526A3692,5,2,3,0,4,21.2,13.9,4.3,5.2,21.6,83.4,16.4,65.7,20.0,91.4,24.3,Dunning,,NO,,,Woodland,2,2.0,Omnivore,Omnivore,Insessorial,17.16,41.32,29.84,-107.92,1181319.94,both
132,824361E5,0.0,0.0,0.0055248618784530384,0.2265193370165746,0.27624309392265195,0.23756906077348067,0.16022099447513813,0.06077348066298342,0.022099447513812154,0.0055248618784530384,0.0,0.0055248618784530384,10704.0,Pheucticus melanocephalus,Cardinalidae,Passeriformes,AVIBASE-824361E5,17,8,9,0,10,19.1,13.0,9.1,12.1,22.9,100.5,24.3,76.0,24.2,72.8,47.1,Dunning,,NO,,,Forest,2,3.0,Carnivore,Invertivore,Insessorial,16.29,51.51,39.12,-109.95,4524419.42,both
133,2F5DF476,0.0,0.0,0.006369426751592357,0.12101910828025478,0.17197452229299362,0.20382165605095542,0.22929936305732485,0.2356687898089172,0.01910828025477707,0.012738853503184714,0.0,0.0,2698.0,Cepphus columba,Alcidae,Charadriiformes,AVIBASE-2F5DF476,5,3,2,0,4,36.5,22.4,6.1,9.9,32.0,173.4,69.2,103.5,40.1,46.4,530.0,Dunning,,NO,,,Marine,3,3.0,Carnivore,Aquatic predator,Aquatic,34.29,69.21,55.77,-72.97,1700815.29,both
134,E0A04985,0.0,0.0,0.0,0.28780487804878047,0.3463414634146341,0.1902439024390244,0.12682926829268293,0.03902439024390244,0.004878048780487805,0.0,0.004878048780487805,0.0,5768.0,Myiarchus cinerascens,Tyrannidae,Passeriformes,AVIBASE-E0A04985,6,3,3,0,4,23.0,14.3,6.8,6.2,22.4,96.0,19.8,77.0,20.4,89.7,28.2,Dunning,,NO,,,Shrubland,2,3.0,Carnivore,Invertivore,Insessorial,19.5,47.6,34.01,-109.65,3499111.39,both
135,3F9E1C51,0.0,0.0,0.0,0.06,0.01,0.01,0.07,0.51,0.23,0.06,0.05,0.0,2674.0,Thalasseus elegans,Laridae,Charadriiformes,AVIBASE-3F9E1C51,5,2,3,0,4,64.4,44.6,5.8,10.3,28.2,296.6,194.5,97.5,66.6,126.6,260.0,Dunning,,NO,,,Coastal,3,3.0,Carnivore,Aquatic predator,Aerial,24.14,33.83,31.85,-116.3,1309.31,both
136,E6F3BA54,0.0,0.0,0.0,0.031746031746031744,0.07936507936507936,0.031746031746031744,0.010582010582010581,0.4021164021164021,0.4126984126984127,0.031746031746031744,0.0,0.0,2524.0,Phalaropus lobatus,Scolopacidae,Charadriiformes,AVIBASE-E6F3BA54,9,3,5,1,4,24.4,19.1,2.5,2.7,18.8,109.0,54.4,55.2,49.6,50.6,36.7,Dunning,,NO,,,Wetland,3,3.0,Carnivore,Aquatic predator,Terrestrial,50.94,75.25,65.91,-35.96,9098836.74,both
137,F6CA75F0,0.0,0.0,0.0,0.007692307692307693,0.3,0.17692307692307693,0.16153846153846155,0.16153846153846155,0.13076923076923078,0.06153846153846154,0.0,0.0,5893.0,Contopus sordidulus,Tyrannidae,Passeriformes,AVIBASE-F6CA75F0,14,5,5,4,4,16.4,9.2,6.4,4.1,13.8,82.6,29.0,57.7,33.5,60.2,13.1,Dunning,,NO,,,Forest,1,3.0,Carnivore,Invertivore,Insessorial,7.31,67.81,45.91,-116.12,6939803.44,both
138,0ADA5F17,0.0,0.0,0.0,0.03571428571428571,0.23809523809523808,0.21428571428571427,0.18452380952380953,0.14285714285714285,0.125,0.041666666666666664,0.005952380952380952,0.011904761904761904,10741.0,Piranga ludoviciana,Cardinalidae,Passeriformes,AVIBASE-0ADA5F17,8,3,5,0,4,18.5,11.2,6.3,7.3,20.1,94.8,27.2,67.3,28.6,71.1,28.1,Dunning,,NO,,,Forest,1,3.0,Carnivore,Invertivore,Insessorial,29.41,63.85,48.1,-116.44,3662121.88,both
