,AVIBASEID,MONTH,OBSERVATION COUNT,normalized_observation_count,fractional_norm_count
0,00124D98,01,29377,5275.969920430512,0.10747778205613007
1,00124D98,02,20104,5643.94934196299,0.11497396051527134
2,00124D98,03,22983,3893.283554098094,0.07931081632776371
3,00124D98,04,23999,2796.5412680878644,0.05696887159242851
4,00124D98,05,29068,2440.8072288466074,0.0497221461341456
5,00124D98,06,18857,823.534444633495,0.016776376076991065
6,00124D98,07,18120,1219.141478731423,0.024835361861955438
7,00124D98,08,23805,4519.410012669505,0.09206575694888527
8,00124D98,09,27455,8847.052779256583,0.1802249870238892
9,00124D98,10,19392,6151.509324013584,0.1253135609970716
10,00124D98,11,21694,3126.534935793967,0.06369123506919479
11,00124D98,12,35913,4351.20129888028,0.08863914539627334
12,01060BFD,01,98231,17641.821876087062,0.039674740084197975
13,01060BFD,02,64633,18144.91533123229,0.04080614829198649
14,01060BFD,03,34609,5862.709416689768,0.013184662782001583
15,01060BFD,04,241299,28117.947058141322,0.06323452583687625
16,01060BFD,05,17633,1480.6231548868939,0.003329777346431973
17,01060BFD,06,1391,60.74860330302761,0.00013661769535223576
18,01060BFD,07,306400,20615.063415193596,0.04636127088017472
19,01060BFD,08,711751,135126.84712991107,0.3038871254869208
20,01060BFD,09,434312,139951.96454796888,0.3147383448667438
21,01060BFD,10,133337,42297.01932425739,0.09512187912410874
22,01060BFD,11,156346,22532.554211839382,0.05067352102673594
23,01060BFD,12,105886,12829.095334091759,0.028851386578469477
24,018B3169,01,4380,786.6272339410301,0.23751888450743056
25,018B3169,02,3593,1008.6903096733497,0.3045699243932218
26,018B3169,03,2264,383.5179901004257,0.11580169267825494
27,018B3169,04,1175,136.91970457115883,0.041342346277406586
28,018B3169,05,70,5.877821178590289,0.0017747841282820054
29,018B3169,06,26,1.1354879122061234,0.0003428559432498467
30,018B3169,07,12,0.8073784627360416,0.0002437846333944302
31,018B3169,08,31,5.885390060607211,0.001777069521332308
32,018B3169,09,59,19.01206024316658,0.005740614037122847
33,018B3169,10,583,184.9386311829579,0.05584146529078885
34,018B3169,11,2638,380.188031742624,0.11479622533556114
35,018B3169,12,3287,398.2512925519862,0.12025035325395472
36,03AC32BA,01,16642,2988.824298458133,0.16793604018303868
37,03AC32BA,02,22775,6393.7995554719,0.359254767710483
38,03AC32BA,03,8574,1452.4219289403932,0.08160867386787846
39,03AC32BA,04,2014,234.6862000053735,0.013186546674837646
40,03AC32BA,05,421,35.35089594552159,0.0019862959107620135
41,03AC32BA,06,207,9.04023068564106,0.0005079524227874322
42,03AC32BA,07,335,22.539315418047828,0.0012664389076655137
43,03AC32BA,08,179,33.9833813176997,0.0019094580077754564
44,03AC32BA,09,403,129.86203861010392,0.0072966873782203436
45,03AC32BA,10,3324,1054.4356947721305,0.059246625938846
46,03AC32BA,11,13555,1953.543885622164,0.10976571110065499
47,03AC32BA,12,28796,3488.90910262458,0.19603480189705044
48,0413ED30,01,6406,1150.4872284534792,0.05166109571843884
49,0413ED30,02,6010,1687.2331648029033,0.07576295665913325
50,0413ED30,03,5974,1011.9860745847807,0.045441885986972984
51,0413ED30,04,3908,455.38911103326694,0.020448641125593914
52,0413ED30,05,134,11.25182911330141,0.0005052483908153922
53,0413ED30,07,1227,82.55444781476025,0.0037069974573069727
54,0413ED30,08,10371,1968.9477522115285,0.0884129747605606
55,0413ED30,09,19162,6174.730481009457,0.2772680430740568
56,0413ED30,10,17245,5470.440299742897,0.24564283110462234
57,0413ED30,11,17696,2550.343976390248,0.11451979736997843
58,0413ED30,12,14085,1706.5316262837619,0.07662952835252042
59,06B9BD24,01,32476,5832.535627732624,0.09602059462178057
60,06B9BD24,02,19952,5601.277221987941,0.09221340491079003
61,06B9BD24,03,22239,3767.2511403901804,0.06201997170319364
62,06B9BD24,04,25760,3001.746033832384,0.049417518806345484
63,06B9BD24,05,13096,1099.6563736402632,0.01810356003219419
64,06B9BD24,06,49,2.1399579883884634,3.5229967140478364e-05
65,06B9BD24,07,4262,286.7539173484174,0.00472080813754477
66,06B9BD24,08,25981,4932.526424665676,0.08120381091751053
67,06B9BD24,09,42075,13558.17685985142,0.22320724418382917
68,06B9BD24,10,27278,8653.097738265396,0.14245529614906574
69,06B9BD24,11,49667,7157.99809422324,0.11784158334855792
70,06B9BD24,12,56532,6849.3891300726755,0.11276097722204746
71,0716A71C,01,860,154.45192264595568,0.011988577089074652
72,0716A71C,02,531,149.07168228125485,0.011570962175223297
73,0716A71C,03,893,151.2727761306008,0.011741811348487782
74,0716A71C,04,1703,198.44617607207104,0.015403416410202916
75,0716A71C,05,2809,235.8685670094303,0.018308146962754363
76,0716A71C,06,5484,239.5006042514762,0.018590066136829453
77,0716A71C,07,4749,319.52002662778847,0.02480118346931262
78,0716A71C,08,6215,1179.925781505607,0.09158598318903495
79,0716A71C,09,14695,4735.291953785303,0.36755393946995674
80,0716A71C,10,13168,4177.138757147838,0.3242300202155472
81,0716A71C,11,6188,891.8133208579823,0.06922265882489191
82,0716A71C,12,3722,450.9556771762983,0.03500323470868415
83,0783A7EA,01,51885,9318.300007541175,0.29367491105294974
84,0783A7EA,02,19679,5524.635848611702,0.1741140487136017
85,0783A7EA,03,19363,3280.061326110664,0.10337419029374531
86,0783A7EA,04,8714,1015.419834581343,0.032001902638973304
87,0783A7EA,05,824,69.19035215940569,0.002180598446035378
88,0783A7EA,06,407,17.774753087226625,0.000560187912779686
89,0783A7EA,07,521,35.05368159045647,0.0011047494515978899
90,0783A7EA,08,165,31.325463225812577,0.0009872511744725887
91,0783A7EA,09,915,294.8480529236851,0.009292411238790653
92,0783A7EA,10,12147,3853.258238386603,0.12143902530573587
93,0783A7EA,11,31504,4540.350171349366,0.14309336806511683
94,0783A7EA,12,30949,3749.765516638704,0.11817735570620108
95,0ADA5F17,01,36,6.465429320063261,0.0014609899574589298
96,0ADA5F17,02,21,5.895490259710644,0.0013322011017900838
97,0ADA5F17,03,68,11.519091575454484,0.002602963589527586
98,0ADA5F17,04,2082,242.61006375927886,0.054822479557677536
99,0ADA5F17,05,9728,816.8492060760905,0.18458302268221088
100,0ADA5F17,06,5788,252.77707830188626,0.057119914949631215
101,0ADA5F17,07,3434,231.04480341963057,0.052209083234684574
102,0ADA5F17,08,4118,781.8076215993708,0.1766646926720028
103,0ADA5F17,09,5618,1810.3348211205057,0.40908048984276707
104,0ADA5F17,10,779,247.11353977962986,0.05584012787052392
105,0ADA5F17,11,50,7.205989987540258,0.0016283340957229592
106,0ADA5F17,12,97,11.752471973697189,0.0026557004460024194
107,0B1B2EB6,01,13,2.3347383655783998,0.3072192565357612
108,0B1B2EB6,02,2,0.5614752628295852,0.0738823738680427
109,0B1B2EB6,03,1,0.16939840552138946,0.02229048572204014
110,0B1B2EB6,04,1,0.11652740814566709,0.015333394192835914
111,0B1B2EB6,09,1,0.3222383092062132,0.04240210176918397
112,0B1B2EB6,10,11,3.4894081355275075,0.4591578178315585
113,0B1B2EB6,12,5,0.6057975244173809,0.07971457008057754
114,0D88C072,01,1247,223.95528783663573,0.09002087891744369
115,0D88C072,02,865,242.83805117379555,0.09761097856823274
116,0D88C072,03,958,162.2836724894911,0.06523140834303964
117,0D88C072,04,935,108.95312661619873,0.04379470703075441
118,0D88C072,05,1625,136.44942021727456,0.054847094053410886
119,0D88C072,06,1061,46.336641340411425,0.01862543733546012
120,0D88C072,07,1191,80.13231242655213,0.03220991682762752
121,0D88C072,08,1498,284.39723583192267,0.11431607343853542
122,0D88C072,09,1445,465.63435680297806,0.18716599397348857
123,0D88C072,10,1141,361.946789330626,0.14548782666233492
124,0D88C072,11,1394,200.9030008526224,0.08075480105250944
125,0D88C072,12,1436,173.9850490126718,0.06993488379716264
126,0E599E6C,01,12264,2202.556255034884,0.09450082475664193
127,0E599E6C,02,9275,2603.8415313722007,0.11171799661769515
128,0E599E6C,03,18559,3143.865008071467,0.1348877403277016
129,0E599E6C,04,11832,1378.752293179533,0.05915546018074968
130,0E599E6C,05,5198,436.4702069473189,0.01872678368324833
131,0E599E6C,06,4386,191.54807626677143,0.008218383138400866
132,0E599E6C,07,3002,201.97917876113308,0.008665930294840068
133,0E599E6C,08,4198,796.995724981583,0.0341951553637319
134,0E599E6C,09,5128,1652.4380496094614,0.07089796602942051
135,0E599E6C,10,12828,4069.284323867897,0.1745929185217109
136,0E599E6C,11,31247,4503.311382813409,0.19321487877507157
137,0E599E6C,12,17549,2126.228151200123,0.09122596231078749
138,115F04DD,01,9,1.6163573300158152,0.1513753329574373
139,115F04DD,02,16,4.491802102636681,0.420666907149109
140,115F04DD,03,19,3.2185697049064,0.30142596050970977
141,115F04DD,04,1,0.11652740814566709,0.01091304186218833
142,115F04DD,11,1,0.14411979975080516,0.013497128554379657
143,115F04DD,12,9,1.0904355439512856,0.10212162896717587
144,15369E8E,01,155562,27938.197663546693,0.23362911970175962
145,15369E8E,02,70129,19687.849353487985,0.16463678039180782
146,15369E8E,03,44384,7518.5788306613495,0.0628730233342012
147,15369E8E,04,71752,8361.074589267904,0.06991827173590959
148,15369E8E,05,3610,303.1276350672992,0.0025348608163959486
149,15369E8E,06,1,0.043672612007927825,3.652058740998041e-07
150,15369E8E,07,48,3.2295138509441665,2.70063404643026e-05
151,15369E8E,08,28,5.315836183774255,4.4452907916618976e-05
152,15369E8E,09,712,229.4336761548238,0.0019186057896615717
153,15369E8E,10,42873,13600.126817679167,0.11372908497932487
154,15369E8E,11,186702,26907.454853074825,0.22500968267330496
155,15369E8E,12,124044,15029.109623765919,0.12567874612337937
156,1929E1E1,01,87645,15740.626465470681,0.37552723147322603
157,1929E1E1,02,24950,7004.403903799074,0.16710544601791805
158,1929E1E1,03,19395,3285.4820750873487,0.07838239414542696
159,1929E1E1,04,1927,224.54831549670047,0.005357093469909168
160,1929E1E1,05,197,16.541868174032672,0.0003946426130126586
161,1929E1E1,06,158,6.900272697252596,0.00016462116727652574
162,1929E1E1,07,182,12.245240018163297,0.000292137107302134
163,1929E1E1,08,395,74.99126044967252,0.001789081297566454
164,1929E1E1,09,204,65.73661507806749,0.0015682913968411514
165,1929E1E1,10,1691,536.4171961070014,0.012797410891528279
166,1929E1E1,11,22369,3223.8158006257604,0.07691120966781882
167,1929E1E1,12,96768,11724.362968564223,0.27971044075217383
168,19CCBBD2,01,5355,961.73261135941,0.09333475416721768
169,19CCBBD2,02,3923,1101.333728040231,0.10688283993760254
170,19CCBBD2,03,5617,951.5108438136446,0.0923427464617808
171,19CCBBD2,04,5967,695.3190444051955,0.06747970414106168
172,19CCBBD2,05,4817,404.4780659609917,0.039254009281372425
173,19CCBBD2,06,4459,194.73617694335016,0.01889886335119705
174,19CCBBD2,07,4196,282.3133358033692,0.02739809951758773
175,19CCBBD2,08,5022,953.4331898183682,0.09252930735163313
176,19CCBBD2,09,5953,1918.2846547045872,0.1861667417272268
177,19CCBBD2,10,4752,1507.4243145478833,0.14629334199777283
178,19CCBBD2,11,4325,623.3181339222323,0.06049212027381168
179,19CCBBD2,12,5862,710.2370176269374,0.0689274717917357
180,1E1AB415,01,26365,4735.029000651885,0.2103592135214372
181,1E1AB415,02,7015,1969.3744843747697,0.08749176987199611
182,1E1AB415,03,6548,1109.2207593540581,0.04927843240817472
183,1E1AB415,04,12436,1449.1348476995158,0.06437951421345249
184,1E1AB415,05,14449,1213.2662601350155,0.05390077573737355
185,1E1AB415,06,11191,488.7402009807203,0.021712856305728893
186,1E1AB415,07,7997,538.0504638750105,0.023903522533866062
187,1E1AB415,08,5443,1033.3605838672597,0.04590825519261719
188,1E1AB415,09,14448,4655.6990914113685,0.20683488931681993
189,1E1AB415,10,10515,3335.5569586428855,0.14818602766307748
190,1E1AB415,11,7515,1083.0602951273008,0.048116223120895016
191,1E1AB415,12,7418,898.7612072256263,0.03992852011456136
192,1F09CCCC,01,8,1.4367620711251692,0.00022497789393936333
193,1F09CCCC,02,5,1.4036881570739628,0.00021979895744242146
194,1F09CCCC,03,1681,284.75871968145566,0.044589440605592244
195,1F09CCCC,04,12618,1470.3428359820273,0.23023619655341582
196,1F09CCCC,05,13824,1160.7857138976021,0.18176365487089177
197,1F09CCCC,06,8984,392.3547462792236,0.06143755202688873
198,1F09CCCC,07,3925,264.08003885324695,0.041351433314286604
199,1F09CCCC,08,5670,1076.4568272142867,0.16855886911996648
200,1F09CCCC,09,5106,1645.3488068069246,0.25763981162251726
201,1F09CCCC,10,256,81.20804388136744,0.01271610313951125
202,1F09CCCC,11,45,6.485390988786232,0.0010155262554278127
203,1F09CCCC,12,13,1.5750735634851902,0.0002466356401202597
204,20748450,01,1124,201.86507099308625,0.11269838044108883
205,20748450,02,744,208.86879777260566,0.11660846087858441
206,20748450,03,1408,238.51295497411635,0.13315836963553682
207,20748450,04,1660,193.43549752180735,0.10799227019948673
208,20748450,05,1513,127.0449063315301,0.07092735318902026
209,20748450,06,890,38.868624687055764,0.021699796951765545
210,20748450,07,547,36.80300159305123,0.020546589137502347
211,20748450,08,428,81.25635309483505,0.04536425915234639
212,20748450,09,873,281.3140439370241,0.15705360511884572
213,20748450,10,633,200.79957725353748,0.11210353053354154
214,20748450,11,563,81.1394472597033,0.04529899229751784
215,20748450,12,836,101.28934608258608,0.05654839246476355
216,20C2214E,01,9396,1687.477052536511,0.20337302522593503
217,20C2214E,02,5193,1457.8705199370177,0.17570107847192967
218,20C2214E,03,3930,665.7357336990606,0.08023379634103557
219,20C2214E,04,2343,273.023717285298,0.032904541877638416
220,20C2214E,05,1741,146.18980959893847,0.017618647785846722
221,20C2214E,06,1709,74.63649392154865,0.008995114652531867
222,20C2214E,07,1385,93.18493090745147,0.011230553491457391
223,20C2214E,08,1438,273.00615829526356,0.032902425685943926
224,20C2214E,09,2714,874.5547711856626,0.10540045523846038
225,20C2214E,10,3621,1148.6497144313732,0.13843410018386626
226,20C2214E,11,5786,833.8771613581587,0.10049803090199629
227,20C2214E,12,6349,769.2416965051902,0.0927082301433585
228,2225D685,01,6489,1165.3936349414028,0.061955564558666715
229,2225D685,02,5904,1657.4749758729351,0.08811597626173198
230,2225D685,03,9139,1548.1320280599782,0.08230300126414569
231,2225D685,04,12420,1447.270409169185,0.07694091728383085
232,2225D685,05,11292,948.1765249805935,0.05040769929157986
233,2225D685,06,12728,555.8650056369054,0.029551328589822404
234,2225D685,07,10806,727.0443056938054,0.03865169593163984
235,2225D685,08,9498,1803.2075740531384,0.09586352620893054
236,2225D685,09,11556,3723.7859011869996,0.1979668078547935
237,2225D685,10,9938,3152.5216409883974,0.16759681209402805
238,2225D685,11,8554,1232.8007670683874,0.06553911504409386
239,2225D685,12,7003,848.4800126989836,0.04510755561673667
240,2281F1C7,01,2,0.3591905177812923,8.807510514282641e-05
241,2281F1C7,02,2,0.5614752628295852,0.0001376762201693828
242,2281F1C7,03,1679,284.4199228704129,0.06974102425158978
243,2281F1C7,04,12785,1489.8029131423536,0.3653062698525833
244,2281F1C7,05,12276,1030.801896976777,0.25275718863195185
245,2281F1C7,06,6104,266.57762369639147,0.06536601350395486
246,2281F1C7,07,6102,410.55194830127715,0.10066915529001892
247,2281F1C7,08,2661,505.1942887508319,0.123875876162125
248,2281F1C7,09,273,87.9710584132962,0.02157089298218754
249,2281F1C7,10,4,1.2688756856463663,0.00031113393559717255
250,2281F1C7,11,5,0.7205989987540258,0.00017669406467940395
251,23863F65,01,50040,8986.946754887933,0.18062110203944592
252,23863F65,02,36933,10368.482941042534,0.208387438622546
253,23863F65,03,27449,4649.816833156619,0.09345276695108094
254,23863F65,04,11510,1341.230467756628,0.02695626576883003
255,23863F65,05,8297,696.6897474109089,0.014002182653246483
256,23863F65,06,9953,434.67350731490563,0.008736138096719864
257,23863F65,07,14389,968.1140583590752,0.019457312131685948
258,23863F65,08,12442,2362.1297785185457,0.04747446439739504
259,23863F65,09,16934,5456.783528098014,0.10967131344131902
260,23863F65,10,17901,5678.535912188901,0.11412812854068365
261,23863F65,11,25191,3630.521875522533,0.07296681286984805
262,23863F65,12,42769,5181.870864361393,0.1041460744871991
263,240E3390,01,16903,3035.6986610285917,0.11312704089510082
264,240E3390,02,10679,2997.99716587857,0.11172207318918306
265,240E3390,03,11820,2002.2891532628234,0.07461644656397824
266,240E3390,04,14569,1697.6878092742238,0.0632653038631328
267,240E3390,05,15557,1306.3037725047018,0.048680154651282774
268,240E3390,06,11942,521.5383325986741,0.019435423231455317
269,240E3390,07,12877,866.384372054334,0.03228630744760992
270,240E3390,08,12844,2438.449998014162,0.09087022904721981
271,240E3390,09,13134,4232.277953114404,0.1577182502426572
272,240E3390,10,11753,3728.273983350436,0.13893625503649842
273,240E3390,11,12825,1848.3364318040763,0.06887931064862537
274,240E3390,12,17821,2159.1835365284287,0.0804632051832563
275,249AE8DF,01,108394,19467.048492192698,0.08857112324358722
276,249AE8DF,02,80197,22514.315826572118,0.10243557171083796
277,249AE8DF,03,74133,12558.011996517165,0.05713640815576382
278,249AE8DF,04,148281,17278.80060724766,0.07861503908513268
279,249AE8DF,05,14534,1220.4036144233037,0.005552588980469046
280,249AE8DF,06,7861,343.3104029943206,0.0015619927194721129
281,249AE8DF,07,67217,4522.463177477376,0.020576290423151667
282,249AE8DF,08,171406,32541.650604143215,0.14805791167393742
283,249AE8DF,09,150706,48563.246627231565,0.22095292482855294
284,249AE8DF,10,96433,30590.37224848401,0.13917999082266158
285,249AE8DF,11,119416,17210.210007042147,0.07830296576253369
286,249AE8DF,12,107133,12980.181236681454,0.05905719259389983
287,25C94A8F,01,55541,9974.900274045376,0.21860593490976515
288,25C94A8F,02,73237,20560.381911925164,0.4505931273972934
289,25C94A8F,03,24363,4127.053353717612,0.09044685480810613
290,25C94A8F,04,9948,1159.214656233096,0.02540488593618447
291,25C94A8F,05,2112,177.342261845467,0.0038865622597365657
292,25C94A8F,06,258,11.267533898045379,0.00024693477771590153
293,25C94A8F,07,126,8.477473858728438,0.00018578893499141103
294,25C94A8F,08,170,32.274719687200836,0.0007073198806337305
295,25C94A8F,09,398,128.25084706407284,0.0028106943984554378
296,25C94A8F,10,9598,3044.6672077084563,0.0667257118511803
297,25C94A8F,11,16092,2319.1758175899568,0.05082613198084241
298,25C94A8F,12,33729,4086.5889402147677,0.08956005286509511
299,27903EF7,01,20070,3604.476845935268,0.08274716264873763
300,27903EF7,02,13890,3899.4457003514685,0.08951869616551236
301,27903EF7,03,11155,1889.6392135910994,0.043380021578106
302,27903EF7,04,12537,1460.9041159222281,0.033537646560484476
303,27903EF7,05,529,44.41953433534661,0.001019729239368825
304,27903EF7,06,54,2.3583210484281025,5.41394448385163e-05
305,27903EF7,07,14037,944.4309567854847,0.02168108863835794
306,27903EF7,08,41052,7793.775250582169,0.1789199420256757
307,27903EF7,09,38581,12432.27620748491,0.28540496316265135
308,27903EF7,10,16904,5362.268647541544,0.1231003929029858
309,27903EF7,11,23617,3403.6773107147656,0.07813745297078005
310,27903EF7,12,22470,2722.4540747317096,0.0624987646625013
311,27B2749A,01,3649,655.3430996919677,0.0775558673907237
312,27B2749A,02,3925,1101.8952033030607,0.13040259110993146
313,27B2749A,03,4607,780.4184542370413,0.09235777438494541
314,27B2749A,04,4337,505.37936912775814,0.05980857256680201
315,27B2749A,05,4981,418.248961293689,0.04949721908058239
316,27B2749A,06,2701,117.95972503341305,0.013959815547669133
317,27B2749A,07,2613,175.80666026077307,0.020805648271873683
318,27B2749A,08,2356,447.28964460614804,0.052934007207253324
319,27B2749A,09,3981,1282.8307089499347,0.15181520701878634
320,27B2749A,10,4770,1513.1342551332918,0.17907023006824743
321,27B2749A,11,5083,732.5609421333426,0.08669412909119166
322,27B2749A,12,5935,719.081661483431,0.08509893826199356
323,28669A3D,01,6208,1114.9273671931312,0.17776361985363898
324,28669A3D,02,4538,1273.9873713603286,0.20312408991356712
325,28669A3D,03,2470,418.414061637832,0.0667117880348169
326,28669A3D,04,542,63.15785521495156,0.010069865800735173
327,28669A3D,05,419,35.182958197561874,0.005609558246025617
328,28669A3D,06,331,14.45563457462411,0.002304801195916354
329,28669A3D,07,198,13.321744635144686,0.002124014190333262
330,28669A3D,08,123,23.351708950151192,0.003723188106143628
331,28669A3D,09,1808,582.6068630448334,0.09289062944714926
332,28669A3D,10,4371,1386.5639054900669,0.22107325216963403
333,28669A3D,11,5041,726.5079105438087,0.11583416088861687
334,28669A3D,12,5113,619.4885484692137,0.09877103215342291
335,2F5DF476,01,39,7.0042150967352,8.731248035047007e-05
336,2F5DF476,02,22,6.1762278911254365,7.699103595994293e-05
337,2F5DF476,03,5527,936.2649873167196,0.011671203293860628
338,2F5DF476,04,169990,19808.494110681946,0.2469268474661046
339,2F5DF476,05,232599,19531.076118841753,0.2434686365706819
340,2F5DF476,06,391037,17077.60718174407,0.21288441615450973
341,2F5DF476,07,16326,1098.4383985523846,0.013692809224906755
342,2F5DF476,08,101081,19190.358474717337,0.23922135087245455
343,2F5DF476,09,7596,2447.7221967303954,0.03051258324505905
344,2F5DF476,10,316,100.24117916606295,0.001249576985481848
345,2F5DF476,11,105,15.13257897383454,0.0001886382679653472
346,2F5DF476,12,13,1.5750735634851902,1.9634402665110608e-05
347,32DCEC14,01,20152,3619.2036571643007,0.08970999979444026
348,32DCEC14,02,12095,3395.521651961916,0.08416554456573166
349,32DCEC14,03,15631,2647.8664767048385,0.06563325073201669
350,32DCEC14,04,19174,2234.296523785021,0.05538200103569731
351,32DCEC14,05,5914,496.59192071689955,0.0123091335347342
352,32DCEC14,06,9079,396.50364441997675,0.00982822334106526
353,32DCEC14,07,1335,89.82085397938462,0.0022264093307035587
354,32DCEC14,08,12746,2419.844571370952,0.059981221440949306
355,32DCEC14,09,22301,7186.23653360776,0.17812683093326265
356,32DCEC14,10,41108,13040.235421387708,0.32323119331967365
357,32DCEC14,11,15211,2192.206274009497,0.05433870072535538
358,32DCEC14,12,21666,2625.0418328053947,0.06506749124637017
359,3558066B,01,2875,516.3363693106077,0.10739368552282173
360,3558066B,02,1538,431.77447711595096,0.08980551277858358
361,3558066B,03,1760,298.1411937176455,0.06201089735797873
362,3558066B,04,1520,177.12166038141396,0.03683983741001763
363,3558066B,05,1008,84.64062497170016,0.017604548509341497
364,3558066B,06,717,31.31326280968425,0.006512899146280635
365,3558066B,07,1080,72.66406164624374,0.01511352259703646
366,3558066B,08,2323,441.02455196098555,0.09172945168355856
367,3558066B,09,3419,1101.7327791760429,0.22915128712507987
368,3558066B,10,2762,876.158660938816,0.18223374004544815
369,3558066B,11,2912,419.6768568743446,0.08728930803101514
370,3558066B,12,2949,357.29937990137125,0.07431530979283811
371,36171C2B,01,1824,327.5817522165386,0.19863512988702375
372,36171C2B,02,1315,369.1699853104522,0.22385290843080763
373,36171C2B,03,914,154.83014264654997,0.09388406187745876
374,36171C2B,04,523,60.943834460183886,0.036954398075903346
375,36171C2B,05,437,36.694397929199376,0.02225031293554655
376,36171C2B,06,297,12.970765766354564,0.007865058799218191
377,36171C2B,07,284,19.107956951419652,0.011586455854879201
378,36171C2B,08,363,68.91601909678766,0.04178847665341936
379,36171C2B,09,435,140.17366450470274,0.0849968408412036
380,36171C2B,10,484,153.53395796321033,0.09309809681319428
381,36171C2B,11,1131,162.99949351816062,0.09883769577341033
382,36171C2B,12,1174,142.24125873320102,0.08625056405793496
383,36B3872D,01,35624,6397.901502720378,0.08872649302047786
384,36B3872D,02,24659,6922.70925305737,0.09600455930167472
385,36B3872D,03,33336,5647.065246461039,0.07831384946505746
386,36B3872D,04,40707,4743.48120338567,0.06578289017203723
387,36B3872D,05,30884,2593.2947039940354,0.03596397105459242
388,36B3872D,06,20044,875.3738350869054,0.01213973838705122
389,36B3872D,07,18830,1266.911371109972,0.017569605108574585
390,36B3872D,08,25624,4864.749513322554,0.06746464658086052
391,36B3872D,09,53999,17400.546458826306,0.24131185253087964
392,36B3872D,10,37835,12001.977891607568,0.1664441703547417
393,36B3872D,11,35393,5100.832072580247,0.07073865408743556
394,36B3872D,12,35435,4293.287055545979,0.0595395699366172
395,39F29B55,01,1155867,207588.23310815447,0.023221130017479195
396,39F29B55,02,1875999,526663.5157965195,0.05891336802988222
397,39F29B55,03,4867102,824479.3183099657,0.09222748881543547
398,39F29B55,04,10021322,1167758.6788531528,0.13062723115216687
399,39F29B55,05,16473145,1383231.4365569819,0.15473033587515253
400,39F29B55,06,33083847,1444858.013760647,0.1616239769084232
401,39F29B55,07,20278462,1364366.123017603,0.15262003370648294
402,39F29B55,08,3018039,572978.6042943525,0.06409424305192117
403,39F29B55,09,312125,100578.6322609893,0.01125087612984223
404,39F29B55,10,158906,50407.98992583037,0.005638713093037583
405,39F29B55,11,3548043,511343.246667246,0.05719961982736112
406,39F29B55,12,6482140,785372.8729853763,0.08785298339281544
407,3AC46C54,01,86923,15610.958688551635,0.11758744905800152
408,3AC46C54,02,45703,12830.551968550264,0.0966444089749828
409,3AC46C54,03,42293,7164.366764716125,0.053964630154117524
410,3AC46C54,04,38121,4442.141325920975,0.033459832755385895
411,3AC46C54,05,33238,2790.957433342629,0.021022511913819902
412,3AC46C54,06,50624,2210.8823102893384,0.016653173979957806
413,3AC46C54,07,47622,3204.081429367981,0.024134312912492337
414,3AC46C54,08,82237,15612.800723037266,0.11760132393529532
415,3AC46C54,09,92995,29966.551564631794,0.22571902378642708
416,3AC46C54,10,64260,20384.487889908876,0.15354341646461023
417,3AC46C54,11,68680,9898.147846885298,0.07455646888411423
418,3AC46C54,12,71348,8644.488354426258,0.06511344718079534
419,3EF081A8,01,1651,296.51177242845677,0.13718478609349036
420,3EF081A8,02,1059,297.30115166826533,0.13755000202158948
421,3EF081A8,03,1998,338.4580142317362,0.15659172620274736
422,3EF081A8,04,563,65.60493078601057,0.030352920974591812
423,3EF081A8,05,561,47.10653830270218,0.02179441419048632
424,3EF081A8,06,603,26.33458504078048,0.012184016796675365
425,3EF081A8,07,696,46.82795083869041,0.021665522304185232
426,3EF081A8,08,841,159.6649368055053,0.0738709293830108
427,3EF081A8,09,1004,323.52726244303807,0.14968383187675813
428,3EF081A8,10,871,276.2976805494963,0.1278324900690266
429,3EF081A8,11,961,138.49912756052376,0.06407830971739867
430,3EF081A8,12,1199,145.27024635528792,0.06721105037003991
431,3F9E1C51,01,1,0.17959525889064615,2.5981298895620166e-06
432,3F9E1C51,04,2484,289.45408183383705,0.004187411774194616
433,3F9E1C51,05,1456,122.258680514678,0.0017686654651446485
434,3F9E1C51,06,276,12.05364091418808,0.0001743750081747328
435,3F9E1C51,07,27321,1838.1989150342827,0.02659245891907997
436,3F9E1C51,08,174879,33201.0041422235,0.4803051136105236
437,3F9E1C51,09,80649,25988.197399171888,0.3759604393551339
438,3F9E1C51,10,22585,7164.3893400807965,0.10364423983072574
439,3F9E1C51,11,3529,508.5987733205914,0.007357686850538725
440,3F9E1C51,12,4,0.48463801953390473,7.011056594405225e-06
441,407E2CA8,01,14916,2678.8428816128776,0.1831919306897488
442,407E2CA8,02,14389,4039.53377842745,0.27624240191012445
443,407E2CA8,03,11421,1934.699189459789,0.1323038697990533
444,407E2CA8,04,5910,688.6769821408925,0.04709498524378604
445,407E2CA8,05,2569,215.7160372542636,0.014751681637094621
446,407E2CA8,06,2227,97.25890694165527,0.006651023492907935
447,407E2CA8,07,2065,138.9363771291605,0.009501125782339954
448,407E2CA8,08,2593,492.2844008759516,0.03366473280829921
449,407E2CA8,09,2680,863.5986686726513,0.05905695647218699
450,407E2CA8,10,3932,1247.3047989903782,0.08529659423253053
451,407E2CA8,11,4390,632.6859209060347,0.043266051983315776
452,407E2CA8,12,13153,1593.610967732362,0.1089786459486124
453,42393721,01,28336,5089.011255925348,0.0981410151642948
454,42393721,02,19169,5381.459656590158,0.10378084999291713
455,42393721,03,25882,4384.369531704602,0.08455207800845262
456,42393721,04,28215,3287.8208208299966,0.06340525827268757
457,42393721,05,24560,2062.275544945393,0.039770754150678
458,42393721,06,14719,642.8171761446897,0.012396657633333124
459,42393721,07,14821,997.1796830175728,0.019230499103063858
460,42393721,08,23235,4411.194776071244,0.08506939985778182
461,42393721,09,31839,10259.745526816621,0.1978580495684182
462,42393721,10,26580,8431.678931120105,0.16260398891357095
463,42393721,11,22055,3178.562183504008,0.06129821762306136
464,42393721,12,30769,3727.9568057596784,0.0718932317117405
465,466E9077,01,846937,152105.86977906717,0.2554704248434514
466,466E9077,02,211410,59350.74265740129,0.09968293441590319
467,466E9077,03,249614,42284.21359581611,0.07101873206592721
468,466E9077,04,126021,14684.90050192511,0.024664122268652323
469,466E9077,05,1427,119.82358316926204,0.00020125049574338483
470,466E9077,06,247,10.787135165958173,1.8117604584845034e-05
471,466E9077,07,650,43.73300006486892,7.345205101209257e-05
472,466E9077,08,256,48.6019308230789,8.162969603749469e-05
473,466E9077,09,37616,12121.316239100915,0.020358437276370628
474,466E9077,10,423918,134474.81072695908,0.22585806239468875
475,466E9077,11,893294,128741.35239859574,0.21622839434113686
476,466E9077,12,424309,51409.06835760289,0.0863444425464919
477,49D9148A,01,17247,3097.479430086974,0.08972771468433012
478,49D9148A,02,10614,2979.749219836608,0.08631730859334458
479,49D9148A,03,11979,2029.2234997407243,0.058782500844682284
480,49D9148A,04,12477,1453.9124714334882,0.04211690387532621
481,49D9148A,05,11492,964.9702997765658,0.02795323800900043
482,49D9148A,06,15197,663.6926846844792,0.01922583480974848
483,49D9148A,07,17205,1157.5788709477997,0.03353271878034609
484,49D9148A,08,20659,3922.137847164012,0.11361640122112564
485,49D9148A,09,25412,8188.71991354829,0.23721065486207996
486,49D9148A,10,17495,5549.745030095795,0.1607648896048463
487,49D9148A,11,17519,2524.8347718343557,0.0731393570629354
488,49D9148A,12,16415,1988.8332726622614,0.057612477652234526
489,4A5B4883,01,63048,11323.121882537458,0.23985248853769475
490,4A5B4883,02,37878,10633.780002729512,0.22525047620925936
491,4A5B4883,03,24248,4107.572537082651,0.08700882186808935
492,4A5B4883,04,10905,1270.7313858284995,0.026917319120618486
493,4A5B4883,05,7322,614.8200952805443,0.013023451605112871
494,4A5B4883,06,5936,259.24062487905957,0.005491375051186442
495,4A5B4883,07,2570,172.91355410263557,0.0036627483730768064
496,4A5B4883,08,1611,305.8504318592973,0.006478689178018606
497,4A5B4883,09,3343,1077.2426676763707,0.022818736500543686
498,4A5B4883,10,19986,6339.937363332069,0.13429598034385348
499,4A5B4883,11,37532,5409.104324247219,0.11457857173925984
500,4A5B4883,12,46999,5694.375570018497,0.12062134147328624
501,526A3692,01,6,1.0775715533438768,0.0009364383306901971
502,526A3692,02,10,2.8073763141479255,0.002439684660458859
503,526A3692,03,296,50.14192803433128,0.04357466865225688
504,526A3692,04,1995,232.47217925060582,0.2020245048171553
505,526A3692,05,2254,189.2658419506073,0.1644770489188494
506,526A3692,06,1674,73.10795250127119,0.06353275454239944
507,526A3692,07,2042,137.38890174224974,0.1193946085562773
508,526A3692,08,1783,338.5048541310535,0.29416971852063567
509,526A3692,09,365,117.61698286026781,0.10221228534541527
510,526A3692,10,19,6.02715950682024,0.0052377618635680075
511,526A3692,12,19,2.302030592786047,0.0020005257922936243
512,5284C27B,01,23014,4133.2052881093305,0.11523731540796489
513,5284C27B,02,24850,6976.330140657595,0.19450607960893182
514,5284C27B,03,14562,2466.7795812024733,0.06877593461392999
515,5284C27B,04,2972,346.3194570089226,0.009655684079874983
516,5284C27B,05,1017,85.39634483751891,0.0023809234815989604
517,5284C27B,06,1692,73.89405951741388,0.0020602298820919123
518,5284C27B,07,8898,598.6711301187748,0.01669146559102998
519,5284C27B,08,28495,5409.8125734516925,0.15083022360836984
520,5284C27B,09,18237,5876.6600449937105,0.16384633231225365
521,5284C27B,10,17725,5622.705382020461,0.15676585806613685
522,5284C27B,11,17111,2466.033893536027,0.06875514420096374
523,5284C27B,12,14948,1811.092278998202,0.05049480914685337
524,52F63879,01,1105,198.452761074164,0.12370814972241335
525,52F63879,02,679,190.62085173064415,0.11882602559153044
526,52F63879,03,663,112.31114286068122,0.0700106342753893
527,52F63879,04,422,49.17456623747151,0.030653615347616476
528,52F63879,05,656,55.083581330788995,0.03433707795060308
529,52F63879,06,1614,70.48759578079552,0.04393937380979489
530,52F63879,07,1017,68.42532471687953,0.04265382990422142
531,52F63879,08,336,63.790034205291064,0.03976436034224252
532,52F63879,09,403,129.86203861010392,0.08095121694796122
533,52F63879,10,1094,347.0375000242812,0.2163304092113482
534,52F63879,11,1074,154.78466493236473,0.09648706523680312
535,52F63879,12,1355,164.1711291171102,0.10233824166007605
536,536A5157,01,23065,4142.364646312753,0.15251743355227548
537,536A5157,02,14067,3949.136261111887,0.1454029711819674
538,536A5157,03,13431,2275.189984557782,0.08377006056129681
539,536A5157,04,11433,1332.2578573294118,0.049052308663990615
540,536A5157,05,8971,753.2847684733355,0.027735139088694055
541,536A5157,06,5965,260.5071306272895,0.009591593782239366
542,536A5157,07,4904,329.9486651047957,0.01214835677264112
543,536A5157,08,5360,1017.6029266082146,0.03746705082560023
544,536A5157,09,12017,3872.337761731064,0.14257533261647912
545,536A5157,10,14511,4603.163768603606,0.16948356413604732
546,536A5157,11,17666,2546.020382397724,0.09374174599542627
547,536A5157,12,17152,2078.1278277613833,0.07651444282334222
548,538A9CA7,01,6618,1188.5614233382962,0.13158521492391814
549,538A9CA7,02,3170,889.9382915848925,0.09852475359524777
550,538A9CA7,03,3082,522.0858858169223,0.05779994381864639
551,538A9CA7,04,3078,358.6713622723633,0.039708379697454006
552,538A9CA7,05,2561,215.04428626242472,0.023807476896335174
553,538A9CA7,06,2231,97.43359738968698,0.010786839116250979
554,538A9CA7,07,2481,166.9254971706766,0.018480262769922973
555,538A9CA7,08,4948,939.384194189822,0.10399889198946091
556,538A9CA7,09,6652,2143.52923283973,0.23730936345444253
557,538A9CA7,10,4177,1325.0234347362182,0.14669287595527813
558,538A9CA7,11,3404,490.58379835174077,0.054312358853945635
559,538A9CA7,12,5740,695.4555580311533,0.0769936389290973
560,56036504,10,2,0.6344378428231832,0.8396507011952705
561,56036504,12,1,0.12115950488347618,0.16034929880472948
562,56CCA717,01,388738,69815.501750632,0.2769956227736724
563,56CCA717,02,97751,27442.384208427386,0.10887868902466098
564,56CCA717,03,32456,5497.994649602217,0.021813500064963704
565,56CCA717,04,6764,788.1913886972922,0.0031271789087310505
566,56CCA717,05,1889,158.61720294795794,0.0006293197042416136
567,56CCA717,06,2357,102.93634650268588,0.00040840381706917827
568,56CCA717,07,1505,101.25871553481188,0.0004017477532570114
569,56CCA717,08,12418,2357.5733475038824,0.009353760715764502
570,56CCA717,09,33380,10756.314761303396,0.04267608240787166
571,56CCA717,10,127408,40416.228339208064,0.16035290241082514
572,56CCA717,11,338673,48809.48494100443,0.19365346290551178
573,56CCA717,12,378006,45799.0198029833,0.18170932951343105
574,575A3E3B,01,177381,31856.7866172817,0.023191241141679055
575,575A3E3B,02,243697,68414.9185628907,0.049804987965095575
576,575A3E3B,03,430652,72951.76213459742,0.05310773894740745
577,575A3E3B,04,796117,92769.45059070404,0.06753470540129693
578,575A3E3B,05,791873,66492.68414505468,0.048405631449624335
579,575A3E3B,06,1908828,83363.50463386886,0.06068732423033376
580,575A3E3B,07,1522992,102469.24497660746,0.07459600362106651
581,575A3E3B,08,1766227,335320.4784056804,0.24410805044067804
582,575A3E3B,09,809719,260922.48149214574,0.18994747525122407
583,575A3E3B,10,491583,155939.42904427444,0.11352145920768027
584,575A3E3B,11,348752,50262.0684026928,0.036589997685895874
585,575A3E3B,12,436558,52893.15113292059,0.03850538465801813
586,58C502EA,01,165,29.63321771695661,0.0010910495664173238
587,58C502EA,02,146,40.987694186559715,0.0015091039521200073
588,58C502EA,03,7516,1273.1984158987632,0.046877210328552694
589,58C502EA,04,25710,2995.9196634251007,0.1103051609522205
590,58C502EA,05,25211,2116.9392819062823,0.07794245321978688
591,58C502EA,06,22382,977.4804019614406,0.03598932721137483
592,58C502EA,07,26065,1753.6933026012437,0.06456829412545341
593,58C502EA,08,38199,7252.129513714028,0.26701227106404796
594,58C502EA,09,31013,9993.57668341229,0.36794814560944905
595,58C502EA,10,2139,678.5312728993944,0.02498247939756677
596,58C502EA,11,20,2.882395995016103,0.0001061253938280831
597,58C502EA,12,374,45.31365482642009,0.0016683791791824165
598,5CBA3391,01,5053,907.4948431744349,0.13238161457747286
599,5CBA3391,02,3680,1033.1144836064366,0.15070649096449323
600,5CBA3391,03,3837,649.9816819855714,0.09481665395038735
601,5CBA3391,04,4145,483.00610676379006,0.07045894392138079
602,5CBA3391,05,3619,303.8833549331179,0.04432925373828579
603,5CBA3391,06,2504,109.35622046785127,0.01595243558518114
604,5CBA3391,07,2901,195.18374336643805,0.0284726015585276
605,5CBA3391,08,2969,563.6684867723487,0.08222564009768307
606,5CBA3391,09,2997,965.748212691021,0.1408793764867397
607,5CBA3391,10,2369,751.4916248240605,0.10962450683208484
608,5CBA3391,11,4501,648.683218678374,0.09462723946459799
609,5CBA3391,12,2010,243.53060481578711,0.0355252428231656
610,5F8E7CA8,01,827,148.52527910256435,0.1395053130670399
611,5F8E7CA8,02,632,177.4261830541489,0.1666510600943999
612,5F8E7CA8,03,601,101.80844171835507,0.09562559734345849
613,5F8E7CA8,04,628,73.17921231547894,0.06873502602220667
614,5F8E7CA8,05,413,34.6791449536827,0.032573074448289205
615,5F8E7CA8,06,292,12.752402706314925,0.011977947071709724
616,5F8E7CA8,07,183,12.312521556724635,0.011564779980850353
617,5F8E7CA8,08,232,44.04549980841526,0.04137060894343828
618,5F8E7CA8,09,384,123.73951073518587,0.11622478872403888
619,5F8E7CA8,10,568,180.18034736178402,0.16923796352455187
620,5F8E7CA8,11,531,76.52761366767754,0.07188007837783966
621,5F8E7CA8,12,656,79.48063520356037,0.07465376240217711
622,603194D3,01,8008,1438.1988331962943,0.08028750993065148
623,603194D3,02,5775,1621.259821420427,0.09050689724394512
624,603194D3,03,9668,1637.7437845807933,0.09142711517583782
625,603194D3,04,13698,1596.1924367793476,0.08910750944939846
626,603194D3,05,13103,1100.2441557581221,0.06142117594773132
627,603194D3,06,8504,371.39189251541825,0.020732967911138142
628,603194D3,07,7257,488.26212533962115,0.02725725353972345
629,603194D3,08,7128,1353.2600113551032,0.07554579665383247
630,603194D3,09,11051,3561.055555037862,0.1987960750901829
631,603194D3,10,8727,2768.36952715896,0.1545443444767082
632,603194D3,11,6936,999.6149310715846,0.05580354527674924
633,603194D3,12,8068,977.5148853998858,0.054569809304101435
634,60E6081E,01,3995,717.4830592681313,0.21202421211486508
635,60E6081E,02,2537,712.2313708993287,0.21047227987857786
636,60E6081E,03,2260,382.8403964783402,0.11313358884300569
637,60E6081E,04,414,48.24234697230617,0.014256149291955119
638,60E6081E,05,91,7.641167532167375,0.0022580498657321212
639,60E6081E,06,41,1.7905770923250408,0.0005291354162680864
640,60E6081E,07,25,1.68203846403342,0.0004970610462181046
641,60E6081E,08,25,4.746282306941299,0.0014025791321546418
642,60E6081E,09,82,26.42354135490948,0.007808449920439929
643,60E6081E,10,491,155.75449041309147,0.04602718166875449
644,60E6081E,11,5251,756.7730684914778,0.2236348461806551
645,60E6081E,12,4691,568.3592374083868,0.16795646664137384
646,624078BA,01,73006,13111.531470570511,0.1055027717389562
647,624078BA,02,79711,22377.87733770453,0.18006501300488223
648,624078BA,03,57572,9752.605002677434,0.07847495632124725
649,624078BA,04,28259,3292.948026788406,0.026496915695797558
650,624078BA,05,9301,780.9944968866897,0.006284321882562822
651,624078BA,06,2290,100.01028149815473,0.0008047390897189723
652,624078BA,07,2583,173.78821410393294,0.0013983979159629234
653,624078BA,08,4961,941.8522609894314,0.0075786741103451025
654,624078BA,09,6753,2176.075302069558,0.017509928294519445
655,624078BA,10,73001,23157.2984819676,0.18633667480550975
656,624078BA,11,224505,32355.615643054512,0.26035151876228896
657,624078BA,12,132520,16056.057587158262,0.1291960883782088
658,68EA281A,01,45093,8098.489009155906,0.3103725656121333
659,68EA281A,02,25386,7126.805511095924,0.2731330385948233
660,68EA281A,03,12495,2116.6330769897613,0.08111943324515157
661,68EA281A,04,1837,214.06084876359043,0.008203828486122895
662,68EA281A,05,149,12.51136222299933,0.00047949482774685686
663,68EA281A,06,64,2.7950471685073808,0.00010711948361179331
664,68EA281A,07,93,6.257183086204322,0.0002398049766782976
665,68EA281A,08,51,9.68241590616025,0.0003710761677543979
666,68EA281A,09,93,29.968162756177826,0.0011485223417357397
667,68EA281A,10,182,57.73384369690967,0.0022126351187982183
668,68EA281A,11,22398,3227.9952748185337,0.12371211149346194
669,68EA281A,12,42835,5189.867391683702,0.1989003696519817
670,6996D540,01,3626,651.2124087374829,0.0039028173933917817
671,6996D540,02,1923,539.858465210646,0.003235455866203041
672,6996D540,03,631,106.89039388399675,0.0006406107789710935
673,6996D540,04,662,77.14114419243161,0.00046231889205559066
674,6996D540,05,768,64.48809521653345,0.00038648719880159967
675,6996D540,06,7889,344.5332361305426,0.0020648413459730245
676,6996D540,07,55621,3742.2664563201142,0.022427985739320422
677,6996D540,08,162794,30906.651275048076,0.18522837487327048
678,6996D540,09,131747,42453.93052299097,0.2544330179214513
679,6996D540,10,168094,53322.59737576008,0.3195706311899167
680,6996D540,11,204963,29539.226516324277,0.17703318531469256
681,6996D540,12,42161,5108.205885392239,0.030614273485952366
682,6BB94D7E,01,33573,6029.5516267356625,0.2999481187420939
683,6BB94D7E,02,10625,2982.837333782171,0.14838523694107997
684,6BB94D7E,03,8833,1496.2961159704332,0.07443525370549241
685,6BB94D7E,04,5354,623.8877432119016,0.03103613112008013
686,6BB94D7E,05,7125,598.2782271065115,0.029762151452396978
687,6BB94D7E,06,4525,197.61856933587342,0.009830800326506257
688,6BB94D7E,07,3206,215.7046126276458,0.010730514765769158
689,6BB94D7E,08,3247,616.447146025536,0.030665988650701134
690,6BB94D7E,09,4093,1318.9213995810305,0.06561151094865039
691,6BB94D7E,10,4603,1460.158695257556,0.07263754932711769
692,6BB94D7E,11,11895,1714.3050180358273,0.08528039843459502
693,6BB94D7E,12,23506,2847.975321790991,0.14167634558551692
694,6C74415D,01,89,15.983978041267505,0.021449804249479454
695,6C74415D,02,27,7.579916048199399,0.010171918094581667
696,6C74415D,03,83,14.060067658275326,0.018868000082695773
697,6C74415D,04,309,36.00696911701113,0.04831978855219293
698,6C74415D,05,766,64.32015746857374,0.08631485750509678
699,6C74415D,06,1765,77.0821601939926,0.10344091083079633
700,6C74415D,07,1022,68.7617324096862,0.09227525815131168
701,6C74415D,08,542,102.89940041448737,0.13808652580609612
702,6C74415D,09,526,169.49735064246815,0.22745808225584987
703,6C74415D,10,436,138.30744973545393,0.18560259000674612
704,6C74415D,11,276,39.777064731222225,0.05337909310815917
705,6C74415D,12,90,10.904355439512855,0.014633171356994034
706,6EB81C98,01,8724,1566.789038561997,0.0685903002288769
707,6EB81C98,02,6864,1926.983102031136,0.08435874023320732
708,6EB81C98,03,8087,1369.9249054514767,0.059972056379825445
709,6EB81C98,04,8281,964.9634668542691,0.04224380709363332
710,6EB81C98,05,769,64.57206409051332,0.0028268114936721494
711,6EB81C98,06,500,21.836306003963912,0.0009559415772248182
712,6EB81C98,07,9657,649.7378178868295,0.0284439773971201
713,6EB81C98,08,13811,2622.0361976466515,0.11478651278581192
714,6EB81C98,09,17460,5626.280878740482,0.2463052045596302
715,6EB81C98,10,15488,4913.08665482273,0.21508325652703694
716,6EB81C98,11,12999,1873.4132769607163,0.08201358061416833
717,6EB81C98,12,10260,1243.0965201044655,0.054419811109792576
718,75DC49AD,01,2035,365.4763518424649,0.011718377191492681
719,75DC49AD,02,4189,1176.0099379965661,0.03770675712645786
720,75DC49AD,03,22110,3745.398746077921,0.12008983623105432
721,75DC49AD,04,25475,2968.535722510869,0.09518104557910487
722,75DC49AD,05,23777,1996.5279166191615,0.06401526961277385
723,75DC49AD,06,16830,735.0100600934253,0.023566846610718787
724,75DC49AD,07,15147,1019.1134645885685,0.03267613873995712
725,75DC49AD,08,15150,2876.2470780064273,0.09222196726571295
726,75DC49AD,09,30596,9859.2033084733,0.3161185740031204
727,75DC49AD,10,20068,6365.94931488782,0.20411333011755275
728,75DC49AD,11,154,22.194449161623993,0.0007116272380474695
729,75DC49AD,12,484,58.64120036360247,0.0018802302840069769
730,78509A5D,01,6563,1178.6836840993105,0.20365343019247417
731,78509A5D,02,3703,1039.5714491289768,0.17961756355952016
732,78509A5D,03,2849,482.6160573304386,0.08338659206640076
733,78509A5D,04,3159,368.11008233216234,0.06360220470232841
734,78509A5D,05,1792,150.4722221719114,0.02599864968641738
735,78509A5D,06,1043,45.550534324268725,0.007870239223109294
736,78509A5D,07,1258,84.6401755101617,0.01462416279046851
737,78509A5D,08,1525,289.52322072341923,0.050023935866859125
738,78509A5D,09,1994,642.5431885571891,0.11101886465534203
739,78509A5D,10,1802,571.628496383688,0.09876619627025893
740,78509A5D,11,2194,316.19884065326653,0.05463295996256078
741,78509A5D,12,5102,618.1557939154955,0.10680520102426048
742,787E0536,01,7903,1419.3413310127764,0.09393895542823891
743,787E0536,02,8923,2505.021885114194,0.16579460773159646
744,787E0536,03,14859,2517.090907642326,0.1665933947073295
745,787E0536,04,11955,1393.0851643814499,0.09220119382501932
746,787E0536,05,9642,809.6278829138224,0.053585135544690465
747,787E0536,06,9007,393.3592163554059,0.026034438006628326
748,787E0536,07,3611,242.9536357449872,0.01607986060906973
749,787E0536,08,2362,448.4287523598139,0.029679209405260497
750,787E0536,09,5247,1690.7844084050007,0.11190438671054871
751,787E0536,10,5786,1835.4286792874689,0.12147765243492716
752,787E0536,11,7919,1141.284694226626,0.07553580641901368
753,787E0536,12,5883,712.7813672294903,0.04717535917767729
754,7E022378,01,2736,491.3726283248078,0.09930092493138047
755,7E022378,02,2349,659.4526961933477,0.13326803103327436
756,7E022378,03,2243,379.96062358447654,0.07678580202579373
757,7E022378,04,3539,412.3904974275158,0.08333951764280015
758,7E022378,05,1498,125.78537322183219,0.02541982028252147
759,7E022378,06,879,38.38822595496856,0.0077578320892620015
760,7E022378,07,732,49.25008622689854,0.00995289284214767
761,7E022378,08,1445,274.3351173412071,0.05544006589462141
762,7E022378,09,1594,513.6478648747038,0.10380250166757551
763,7E022378,10,3313,1050.946286636603,0.2123845169642421
764,7E022378,11,4733,682.1190122205608,0.13784864056775867
765,7E022378,12,2234,270.6703339096858,0.05469945405862246
766,7E327303,01,19118,3433.502159471373,0.09113659771549414
767,7E327303,02,12653,3552.17325029137,0.09428652422265733
768,7E327303,03,19829,3359.0009830836316,0.08915908803982642
769,7E327303,04,28336,3301.9206372156227,0.0876439853029652
770,7E327303,05,20335,1707.5070523804789,0.04532293154378788
771,7E327303,06,13144,574.0328122322034,0.015236745181472278
772,7E327303,07,12733,856.6958305015015,0.022739564340619856
773,7E327303,08,13973,2652.792106995631,0.07041394932902026
774,7E327303,09,20517,6611.363389983876,0.1754876326382371
775,7E327303,10,18803,5964.667379302156,0.1583221638450592
776,7E327303,11,19541,2816.2450069304837,0.07475253439316569
777,7E327303,12,23476,2844.3405366444867,0.07549828344769463
778,7E65A952,02,2,0.5614752628295852,0.00024880633511099897
779,7E65A952,03,434,73.51890799628303,0.03257840776053876
780,7E65A952,04,7585,883.8603907848849,0.3916647431139064
781,7E65A952,05,8268,694.254650065493,0.30764481812797445
782,7E65A952,06,4717,206.00371084139556,0.09128635170036002
783,7E65A952,07,2241,150.77792791595576,0.06681416999805646
784,7E65A952,08,1079,204.84954436758647,0.09077490631804835
785,7E65A952,09,121,38.9908354139518,0.01727799513975369
786,7E65A952,10,6,1.9033135284695495,0.0008434146523199955
787,7E65A952,11,6,0.8647187985048309,0.0003831825360806204
788,7E65A952,12,9,1.0904355439512856,0.0004832043178501226
789,7EFF698D,01,6891,1237.5909290154425,0.09267206427324476
790,7EFF698D,02,4568,1282.4095003027724,0.09602812435868727
791,7EFF698D,03,8757,1483.4218371508075,0.11108013206442878
792,7EFF698D,04,9039,1053.2912422286847,0.07887151675870477
793,7EFF698D,05,10104,848.4215026925183,0.06353066282642646
794,7EFF698D,06,7393,322.8716205746104,0.024176954494730007
795,7EFF698D,07,6973,469.1541683882015,0.03513074007541437
796,7EFF698D,08,5516,1047.2197282035283,0.07841687562908466
797,7EFF698D,09,5294,1705.9296089376926,0.12774173974503372
798,7EFF698D,10,6733,2135.8349978642464,0.159933491397343
799,7EFF698D,11,6324,911.4136136240918,0.06824757599708312
800,7EFF698D,12,7073,856.961178040827,0.06417012237981919
801,7FCE8A43,01,151431,27196.289649069437,0.0685112101273362
802,7FCE8A43,02,159544,44790.004666441666,0.11283220839692563
803,7FCE8A43,03,105987,17954.028805995506,0.045228678471656646
804,7FCE8A43,04,84665,9865.793010652904,0.024853295311508553
805,7FCE8A43,05,98114,8238.522101660108,0.020753975124134332
806,7FCE8A43,06,103003,4498.41005465259,0.01133211627284499
807,7FCE8A43,07,120821,8129.022770519274,0.020478131184339804
808,7FCE8A43,08,186083,35328.09802090231,0.08899635862614756
809,7FCE8A43,09,251626,81083.5367923226,0.2042606288845908
810,7FCE8A43,10,298430,94667.64271686129,0.23848086802003868
811,7FCE8A43,11,232847,33557.863012575726,0.08453689212556266
812,7FCE8A43,12,261242,31651.951374769083,0.07973563745491406
813,824361E5,01,41,7.363405614516491,0.0019850664438616126
814,824361E5,02,4,1.1229505256591703,0.00030273103551543937
815,824361E5,03,73,12.366083603061432,0.0033337152518164563
816,824361E5,04,7884,918.7020858204393,0.24766864382325288
817,824361E5,05,15552,1305.8839281348025,0.35204720492486463
818,824361E5,06,8802,384.4063308937807,0.10363032382201774
819,824361E5,07,4789,322.2112881702419,0.08686345007522318
820,824361E5,08,2854,541.8355881604188,0.14607094875051158
821,824361E5,09,630,203.0101347999143,0.05472856276729694
822,824361E5,10,34,10.785443327994114,0.0029075977548166185
823,824361E5,11,6,0.8647187985048309,0.0002331155392152038
824,824361E5,12,7,0.8481165341843332,0.00022863981160761837
825,85625D75,01,138514,24876.457689978957,0.11693870482804479
826,85625D75,02,76109,21366.660389348446,0.10043992692084963
827,85625D75,03,64586,10940.76541900446,0.05143010929732273
828,85625D75,04,60840,7089.527511582385,0.03332629490014567
829,85625D75,05,63314,5316.4052871609365,0.024991240970454073
830,85625D75,06,56430,2464.4454956073673,0.011584811148241832
831,85625D75,07,79727,5364.155224879699,0.025215702826801942
832,85625D75,08,109378,20765.55464674502,0.09761426227515288
833,85625D75,09,147631,47572.36382642246,0.22362712090280232
834,85625D75,10,111040,35223.989033543134,0.16558015243943164
835,85625D75,11,103178,14869.992698688575,0.06990053441923931
836,85625D75,12,139324,16880.426858385435,0.07935113907151319
837,8601A467,01,110486,19842.761773791928,0.15434633310363113
838,8601A467,02,74037,20784.972017056996,0.16167528749609486
839,8601A467,03,64739,10966.683375049233,0.08530402090917891
840,8601A467,04,33170,3865.214128191777,0.03006545329464706
841,8601A467,05,5591,469.46997442140434,0.0036517582522159193
842,8601A467,06,6632,289.63676283657736,0.002252930957165285
843,8601A467,07,6074,408.66806522155974,0.003178812407394512
844,8601A467,08,7764,1474.0054332436898,0.011465507482757844
845,8601A467,09,35152,11327.321045216806,0.08810923031520629
846,8601A467,10,89284,28322.574179312545,0.22030630203938042
847,8601A467,11,104604,15075.507533133223,0.11726438758583266
848,8601A467,12,129855,15733.167506643798,0.12237997615649514
849,866903B9,01,11172,2006.4382323262987,0.04296186625890077
850,866903B9,02,6660,1869.7126252225185,0.04003429682171494
851,866903B9,03,10312,1746.836357736568,0.0374032695191681
852,866903B9,04,11427,1331.5586928805378,0.02851134191810355
853,866903B9,05,8150,684.3463229358694,0.014653227159977683
854,866903B9,06,19927,870.2641394819777,0.018634100451222765
855,866903B9,07,31913,2147.1557401079413,0.04597491029494444
856,866903B9,08,31659,6010.502062218184,0.12869690259364597
857,866903B9,09,42838,13804.044689775761,0.29557227939503833
858,866903B9,10,33927,10762.286346731067,0.23044213333802785
859,866903B9,11,19493,2809.327256542445,0.06015333037844206
860,866903B9,12,21957,2660.2992487264864,0.056962341870813574
861,89431E9F,01,83179,14938.554039265055,0.11732525186555554
862,89431E9F,02,66346,18625.818893845826,0.14628449896682208
863,89431E9F,03,50593,8570.373530543657,0.06731047934157317
864,89431E9F,04,50826,5922.622046411675,0.04651542053356109
865,89431E9F,05,51333,4310.374208008218,0.03385305821836013
866,89431E9F,06,39911,1743.0176178484073,0.013689409328550114
867,89431E9F,07,42940,2889.069265823802,0.02269033390908357
868,89431E9F,08,59556,11306.78356288784,0.08880184961799714
869,89431E9F,09,69122,22273.756408951867,0.17493487480806255
870,89431E9F,10,54697,17350.923344449824,0.13627165294156374
871,89431E9F,11,59860,8627.011213083197,0.06775530354286916
872,89431E9F,12,88872,10767.687518004295,0.08456786692600171
873,8EB0C1FA,01,109890,19735.722999493104,0.11460447229153813
874,8EB0C1FA,02,87015,24428.384997558172,0.1418545533726627
875,8EB0C1FA,03,53447,9053.836579901703,0.0525752293685977
876,8EB0C1FA,04,28324,3300.5223083178744,0.01916598735404497
877,8EB0C1FA,05,18331,1539.233428924837,0.008938260577530222
878,8EB0C1FA,06,23033,1005.9112723786016,0.0058412823561629955
879,8EB0C1FA,07,60637,4079.7506537437794,0.023690931959542215
880,8EB0C1FA,08,149570,28396.057785968405,0.16489465411551005
881,8EB0C1FA,09,85524,27559.10915655218,0.16003453036874704
882,8EB0C1FA,10,86991,27595.191192515766,0.16024405715886858
883,8EB0C1FA,11,97856,14102.987124414789,0.08189542370296878
884,8EB0C1FA,12,94178,11410.559850916019,0.06626061737382662
885,8F268682,01,27122,4870.982611632105,0.1933265573788978
886,8F268682,02,12286,3449.1425395621413,0.13689452544755265
887,8F268682,03,13271,2248.0862396743596,0.08922527712770682
888,8F268682,04,4181,487.20109345703406,0.01933673709373466
889,8F268682,05,150,12.59533109697919,0.0004999015997740283
890,8F268682,06,29,1.266505748229907,5.026690007497936e-05
891,8F268682,07,22,1.4801938483494097,5.8748060457339785e-05
892,8F268682,08,35,6.644795229717819,0.00026372818149285825
893,8F268682,09,2040,657.366150780675,0.026090492412015186
894,8F268682,10,20734,6577.21711654794,0.2610460442291991
895,8F268682,11,28958,4173.4211611838155,0.1656407361539659
896,8F268682,12,22369,2710.2169647384785,0.10756698541512862
897,9437D635,01,41727,7493.9713677299915,0.10175997900475468
898,9437D635,02,39276,11026.251211447392,0.14972449676144325
899,9437D635,03,43832,7425.0709108135425,0.10082438575183308
900,9437D635,04,64225,7483.972788155468,0.10162420917089034
901,9437D635,05,46987,3945.4454816917414,0.053574857666285856
902,9437D635,06,2465,107.65298859954208,0.0014618104770003706
903,9437D635,07,1434,96.48172629695698,0.0013101168873687339
904,9437D635,08,5303,1006.7814029483884,0.013670996244737289
905,9437D635,09,33963,10944.17969557062,0.1486100548557173
906,9437D635,10,47234,14983.518533955117,0.2034598821658537
907,9437D635,11,32292,4653.9165735530005,0.06319512439745105
908,9437D635,12,36946,4476.359067424911,0.060784086616664325
909,94A44032,01,547410,98312.2406693286,0.27189944139612915
910,94A44032,02,165185,46373.64564525251,0.12825430750638903
911,94A44032,03,84593,14329.919318270899,0.0396318610110269
912,94A44032,04,60486,7048.276809098819,0.019493223978539073
913,94A44032,05,48874,4103.8947468917395,0.011350028049726815
914,94A44032,06,42977,1876.9178462647142,0.005190939708741833
915,94A44032,07,45042,3030.4950598797323,0.008381356261693831
916,94A44032,08,77374,14689.553888691044,0.04062649238285038
917,94A44032,09,123339,39744.550819185126,0.10992040352964833
918,94A44032,10,120251,38145.8925186653,0.10549903854055562
919,94A44032,11,366014,52749.8643859912,0.14588883909699343
920,94A44032,12,339804,41170.48439742474,0.11386406853770559
921,95E28A57,01,6454,1159.1078008802301,0.08749346198577802
922,95E28A57,02,5591,1569.6040972401051,0.11847914086188503
923,95E28A57,03,3930,665.7357336990606,0.05025203355955282
924,95E28A57,04,12428,1448.2026284343506,0.10931533850639433
925,95E28A57,05,1803,151.39587978568989,0.01142788413879495
926,95E28A57,06,287,12.534039646275286,0.0009461126225591999
927,95E28A57,07,4374,294.28944966728716,0.022213984547189574
928,95E28A57,08,14181,2692.281175789383,0.20322268604358576
929,95E28A57,09,9567,3082.8539041758418,0.2327044651652615
930,95E28A57,10,3986,1264.4346207466042,0.09544389429506218
931,95E28A57,11,3916,564.373135824153,0.042600834424137535
932,95E28A57,12,2832,343.1237178300045,0.025900163849799148
933,989B57D8,01,3420,614.2157854060098,0.053279716443072604
934,989B57D8,02,2565,720.0920245789429,0.062463876367363634
935,989B57D8,03,5245,888.4946369596877,0.07707184257257566
936,989B57D8,04,9834,1145.93053170449,0.09940293825616364
937,989B57D8,05,8253,692.9951169557951,0.060113374167731756
938,989B57D8,06,6908,301.6904037507654,0.026169921951471217
939,989B57D8,07,5798,390.0983605786308,0.033838808005883556
940,989B57D8,08,5992,1137.5889433276907,0.09867935303748204
941,989B57D8,09,7112,2291.758855074588,0.1987970105222243
942,989B57D8,10,6172,1957.8751829523433,0.16983450614131526
943,989B57D8,11,4918,708.7811751744598,0.06148272468855616
944,989B57D8,12,5601,678.6143868523501,0.0588659278461602
945,9A8E55D0,01,17175,3084.5485714468473,0.12642009784737776
946,9A8E55D0,02,9528,2674.8681521201433,0.10962936251032873
947,9A8E55D0,03,8455,1432.263518683348,0.05870126210729327
948,9A8E55D0,04,4669,544.0664686321196,0.022298542106499317
949,9A8E55D0,05,3901,327.56257739543884,0.0134251389226938
950,9A8E55D0,06,3412,149.01095217104975,0.006107207819054974
951,9A8E55D0,07,5496,369.77933593310706,0.015155391055707781
952,9A8E55D0,08,9939,1886.931993947583,0.07733583108866653
953,9A8E55D0,09,13692,4412.086929651471,0.18082920350838996
954,9A8E55D0,10,14988,4754.477194116935,0.1948620545830644
955,9A8E55D0,11,17993,2593.147556916237,0.10628004723695055
956,9A8E55D0,12,17914,2170.451370482592,0.088955861213973
957,9C5ED06A,01,13424,2410.8867553480336,0.11398493157885481
958,9C5ED06A,02,10104,2836.573027815064,0.13411106173970827
959,9C5ED06A,03,13038,2208.6164111878757,0.10442174023924387
960,9C5ED06A,04,10762,1254.067966463669,0.05929140016033624
961,9C5ED06A,05,7572,635.8123137755096,0.030060733015322687
962,9C5ED06A,06,4753,207.57592487368095,0.009814035247262543
963,9C5ED06A,07,5533,372.26875285987654,0.01760058958785604
964,9C5ED06A,08,6110,1159.9913958164536,0.05484352991317146
965,9C5ED06A,09,10385,3346.444841106524,0.1582174216187412
966,9C5ED06A,10,10683,3388.849737440033,0.16022229355910145
967,9C5ED06A,11,10148,1462.5277278711708,0.06914722254115492
968,9C5ED06A,12,15412,1867.3102892641348,0.08828504079924643
969,A091D50A,01,7333,1316.972033445108,0.15482196943997065
970,A091D50A,02,5716,1604.6963011669543,0.18864655846168302
971,A091D50A,03,4754,805.3200198486855,0.09467264933200763
972,A091D50A,04,2565,298.8928018936361,0.03513755118971742
973,A091D50A,05,1214,101.93821301155158,0.011983758575612508
974,A091D50A,06,976,42.62446931973756,0.00501089174168134
975,A091D50A,07,822,55.30542469741885,0.006501652696427791
976,A091D50A,08,1098,208.45671892086187,0.024505971992356212
977,A091D50A,09,2224,716.6579996746182,0.08424962725615756
978,A091D50A,10,4691,1488.0739603417762,0.17493654790054672
979,A091D50A,11,7741,1115.6313698709828,0.1311525540907677
980,A091D50A,12,6205,751.7947278019697,0.08838026732307142
981,A47B0BD4,01,110086,19770.923670235672,0.0865768164719102
982,A47B0BD4,02,76413,21452.004629298543,0.09393826503621364
983,A47B0BD4,03,49152,8326.270428187336,0.036460713661137484
984,A47B0BD4,04,101234,11796.535636218461,0.05165699477757683
985,A47B0BD4,05,2290,192.2887214138823,0.000842031744249282
986,A47B0BD4,06,527,23.015466528177964,0.00010078466008268716
987,A47B0BD4,07,61120,4112.247636868905,0.018007520279906163
988,A47B0BD4,08,173743,32985.33307419609,0.1444426762988693
989,A47B0BD4,09,157479,50745.76669548525,0.22221556277289647
990,A47B0BD4,10,143773,45607.51598810876,0.19971517807165431
991,A47B0BD4,11,155027,22342.46019596807,0.09783756733780506
992,A47B0BD4,12,90859,11008.431454207763,0.0482058888876985
993,A5F09E05,01,18786,3373.876533519678,0.07870966729094105
994,A5F09E05,02,13722,3852.2817782737834,0.08987045437687345
995,A5F09E05,03,21390,3623.431894102521,0.08453158140279358
996,A5F09E05,04,26596,3099.1629470421617,0.07230083318657343
997,A5F09E05,05,28285,2375.059600520376,0.05540811855319892
998,A5F09E05,06,24651,1076.5735586074288,0.02511554461769723
999,A5F09E05,07,17508,1177.9651771318847,0.02748092476153568
1000,A5F09E05,08,14922,2832.960983367123,0.06609056799610444
1001,A5F09E05,09,27924,8998.182546274298,0.20991993850514504
1002,A5F09E05,10,21992,6976.278519683722,0.16275063884463328
1003,A5F09E05,11,18880,2720.981819295201,0.06347818942799366
1004,A5F09E05,12,22764,2758.074969167452,0.06434354103651033
1005,AA7901D8,01,14967,2688.0022398163005,0.08708111425490506
1006,AA7901D8,02,10916,3064.5319845238755,0.09927925502784256
1007,AA7901D8,03,10908,1847.7978074273162,0.05986166588891597
1008,AA7901D8,04,8831,1029.053541334386,0.033337445810118965
1009,AA7901D8,05,7814,656.132781278636,0.021256222501071384
1010,AA7901D8,06,8007,349.6866043474781,0.011328524469039715
1011,AA7901D8,07,15648,1052.8215154077982,0.034107438347787344
1012,AA7901D8,08,22218,4218.116011824872,0.13665101796614157
1013,AA7901D8,09,22083,7115.988582200806,0.23053113780350745
1014,AA7901D8,10,16410,5205.562500364218,0.16864055250424378
1015,AA7901D8,11,14854,2140.75550549846,0.06935238818062459
1016,AA7901D8,12,12375,1499.3488729330177,0.04857323724580159
1017,AC2B812A,01,19944,3581.8478433150467,0.12407799017434282
1018,AC2B812A,02,14499,4070.414917883077,0.14100233295202333
1019,AC2B812A,03,15994,2709.358097909103,0.09385426800821627
1020,AC2B812A,04,13324,1552.6111861328682,0.05378365690689793
1021,AC2B812A,05,10466,878.818235073228,0.030442945961526243
1022,AC2B812A,06,7695,336.0607494010046,0.011641405270741019
1023,AC2B812A,07,6935,466.5974699228707,0.01616329861596831
1024,AC2B812A,08,7962,1511.595989114665,0.052362858638729914
1025,AC2B812A,09,12929,4166.21909972713,0.14432106419173607
1026,AC2B812A,10,14716,4668.193647492982,0.16170985225030887
1027,AC2B812A,11,15958,2299.8637644233486,0.07966906637227243
1028,AC2B812A,12,21675,2626.1322683493463,0.09097126065723686
1029,AF49F890,01,3386,608.1095466037278,0.10323392385199258
1030,AF49F890,02,1846,518.241667591707,0.08797776839368561
1031,AF49F890,03,2242,379.7912251789552,0.0644741373306026
1032,AF49F890,04,1787,208.23447835630708,0.03535031213052596
1033,AF49F890,05,278,23.343346966401434,0.003962814457755061
1034,AF49F890,06,850,37.12172020673865,0.006301859358203241
1035,AF49F890,07,846,56.92018162289094,0.00966288677445849
1036,AF49F890,08,277,52.5888079609096,0.0089275838980396
1037,AF49F890,09,2497,804.6290580879144,0.1365954791791441
1038,AF49F890,10,5324,1688.8735375953136,0.2867066355881004
1039,AF49F890,11,5206,750.2876775026916,0.12737037495790962
1040,AF49F890,12,6293,762.4567642317156,0.12943622407958277
1041,B01E8BD4,01,4818,865.2899573351331,0.10402285592281747
1042,B01E8BD4,02,3847,1079.997668052707,0.12983444551560164
1043,B01E8BD4,03,3906,661.6701719665473,0.07954422720780996
1044,B01E8BD4,04,1836,213.94432135544477,0.025719816955234617
1045,B01E8BD4,05,613,51.472919749654956,0.006187937430286529
1046,B01E8BD4,06,1518,66.29502502803444,0.007969811481609348
1047,B01E8BD4,07,1141,76.7682354984853,0.009228872972594731
1048,B01E8BD4,08,116,22.02274990420763,0.0026475163855650325
1049,B01E8BD4,09,1152,371.2185322055576,0.044626904038529765
1050,B01E8BD4,10,7239,2296.3477720985115,0.27606081801914323
1051,B01E8BD4,11,10024,1444.6568727020708,0.1736728046512992
1052,B01E8BD4,12,9645,1168.5834246011277,0.14048398941950846
1053,B182DED2,01,25309,4545.376407263363,0.10106666128083204
1054,B182DED2,02,17039,4783.48850167665,0.10636109506072358
1055,B182DED2,03,20039,3394.5746482431236,0.07547852926289216
1056,B182DED2,04,16700,1946.0077160326402,0.04326957441233553
1057,B182DED2,05,15713,1319.4029168455602,0.02933698680634828
1058,B182DED2,06,12039,525.7745759634431,0.011690622781879441
1059,B182DED2,07,13275,893.1624244017461,0.019859509120417663
1060,B182DED2,08,16268,3088.500822772842,0.06867296315041307
1061,B182DED2,09,27747,8941.146365544797,0.1988068160306487
1062,B182DED2,10,26131,8289.2476354063,0.18431181666315308
1063,B182DED2,11,26879,3873.796097501892,0.08613404105138793
1064,B182DED2,12,27844,3373.5652539755106,0.07501138437896851
1065,B4EE123D,01,2172,390.0809023104834,0.07394783158873071
1066,B4EE123D,02,2300,645.6965522540229,0.12240501808904199
1067,B4EE123D,03,5057,856.6477367216665,0.1623951395486163
1068,B4EE123D,04,5463,636.5892306997793,0.12067853859074144
1069,B4EE123D,05,4269,358.46312302002775,0.06795403336807519
1070,B4EE123D,06,3932,171.72071041517222,0.03255318088854073
1071,B4EE123D,07,2593,174.46102948954632,0.03307266454490776
1072,B4EE123D,08,1273,241.68069506945096,0.045815530141022326
1073,B4EE123D,09,1388,447.2667731782239,0.08478858570700512
1074,B4EE123D,10,2413,765.4492573661705,0.14510659824197025
1075,B4EE123D,11,1937,279.1600521173096,0.05292051058639409
1076,B4EE123D,12,2541,307.866301908913,0.058362368704954114
1077,B59E1863,01,170649,30647.75133442987,0.12017057373740873
1078,B59E1863,02,99656,27977.189396272566,0.10969923583050258
1079,B59E1863,03,95684,16208.71703390863,0.06355477125409613
1080,B59E1863,04,62105,7236.934682886655,0.028376195808064154
1081,B59E1863,05,84840,7123.91926845143,0.027933059636484906
1082,B59E1863,06,90883,3969.0979971165048,0.015562929179657648
1083,B59E1863,07,78334,5270.4320416637565,0.020665491421527096
1084,B59E1863,08,95195,18072.89376837108,0.07086425328701178
1085,B59E1863,09,144321,46505.755022949896,0.1823501894875065
1086,B59E1863,10,152784,48465.97568894861,0.19003626209735439
1087,B59E1863,11,154319,22240.4233777445,0.08720523761441412
1088,B59E1863,12,175936,21316.318651179263,0.08358180064597197
1089,B745D852,01,14908,2677.4061195417526,0.08925927513875062
1090,B745D852,02,11761,3301.7552830693753,0.11007380654779181
1091,B745D852,03,14772,2502.353246361965,0.08342336834189241
1092,B745D852,04,17293,2015.108469063021,0.06717961834841388
1093,B745D852,05,16856,1415.3793398045416,0.047185868813558844
1094,B745D852,06,12567,548.833715103629,0.018296999930007645
1095,B745D852,07,12761,858.5797135812189,0.028623301606635707
1096,B745D852,08,12920,2452.8786962272634,0.08177398745394737
1097,B745D852,09,17360,5594.0570478198615,0.18649448566236962
1098,B745D852,10,15277,4846.1534624048845,0.1615609010931227
1099,B745D852,11,12311,1774.2588547321623,0.059150182008625596
1100,B745D852,12,16582,2009.066909977802,0.06697820505488378
1101,B9B272F4,01,32056,5757.105618998553,0.10702201210894127
1102,B9B272F4,02,24711,6937.307609890939,0.12896143794533102
1103,B9B272F4,03,26431,4477.3692563358445,0.08323228693016906
1104,B9B272F4,04,30460,3549.4248521170193,0.06598221652378203
1105,B9B272F4,05,23146,1943.543557137869,0.036129603288821664
1106,B9B272F4,06,18717,817.4202789523852,0.01519547647405395
1107,B9B272F4,07,13989,941.2014429345405,0.0174965128119736
1108,B9B272F4,08,16550,3142.03888719514,0.058409094097991596
1109,B9B272F4,09,25081,8082.059033201033,0.15024185362555123
1110,B9B272F4,10,29444,9340.193922042903,0.17363001709157744
1111,B9B272F4,11,31366,4520.461638983755,0.08403335500200165
1112,B9B272F4,12,35371,4285.532847233436,0.07966613409980547
1113,B9EE9676,01,821,147.44770754922047,0.19720237528895035
1114,B9EE9676,02,546,153.28274675247673,0.20500638669009172
1115,B9EE9676,03,470,79.61725059505305,0.10648324882283369
1116,B9EE9676,04,132,15.381617875228056,0.020571981967026427
1117,B9EE9676,05,119,9.99229600360349,0.013364090491831536
1118,B9EE9676,06,179,7.817397549419081,0.010455295582054727
1119,B9EE9676,07,128,8.61203693585111,0.011518077615815678
1120,B9EE9676,08,98,18.605426643209892,0.02488363087015462
1121,B9EE9676,09,122,39.31307372315801,0.05257885420516574
1122,B9EE9676,10,544,172.56709324790583,0.23079803172820998
1123,B9EE9676,11,420,60.53031589533816,0.0809556301007021
1124,B9EE9676,12,285,34.53045889179071,0.046182396637163475
1125,BA4C8A02,01,2681,481.4948890858223,0.06141956293851703
1126,BA4C8A02,02,1429,401.1740752917386,0.05117382743867599
1127,BA4C8A02,03,2900,491.25537601202944,0.0626646121688691
1128,BA4C8A02,04,5501,641.0172722093147,0.08176826294020946
1129,BA4C8A02,05,4942,414.9741752084744,0.05293417033037946
1130,BA4C8A02,06,4094,178.79567356045652,0.022807203927399607
1131,BA4C8A02,07,2796,188.1191818174977,0.023996512090749714
1132,BA4C8A02,08,3378,641.3176653139084,0.08180658113135146
1133,BA4C8A02,09,7200,2320.115826284735,0.29595433564767337
1134,BA4C8A02,10,4155,1318.044618465163,0.1681299765264288
1135,BA4C8A02,11,2958,426.30636766288166,0.05437970656235554
1136,BA4C8A02,12,2780,336.82342357606376,0.04296524829739045
1137,BAC33609,01,1597,286.8136284483619,0.06179512236170346
1138,BAC33609,02,1092,306.56549350495345,0.06605073923962905
1139,BAC33609,03,1849,313.21765180904913,0.06748397286452643
1140,BAC33609,04,2337,272.324552836424,0.058673394132848125
1141,BAC33609,05,2548,213.95269090068652,0.0460969472941346
1142,BAC33609,06,3908,170.67256772698195,0.036772074826192616
1143,BAC33609,07,3478,234.0051911163294,0.0504173371974576
1144,BAC33609,08,2958,561.5801225572945,0.12099464232947485
1145,BAC33609,09,3364,1084.0096721697012,0.23355414000160396
1146,BAC33609,10,2319,735.6306787534809,0.1584945180343084
1147,BAC33609,11,1826,263.1627543449702,0.05669944867601783
1148,BAC33609,12,1646,199.42854503820178,0.042967663042103095
1149,BBA2F9DF,01,14750,2649.0300686370306,0.027561330836391163
1150,BBA2F9DF,02,32592,9149.800883070919,0.0951973675992182
1151,BBA2F9DF,03,72468,12275.963651324051,0.12772293509817995
1152,BBA2F9DF,04,75062,8746.780310230062,0.09100421650084133
1153,BBA2F9DF,05,38403,3224.6566674486126,0.03355032858915561
1154,BBA2F9DF,06,25177,1099.545352523599,0.011440011040007426
1155,BBA2F9DF,07,71528,4812.5138902152985,0.050070887851868286
1156,BBA2F9DF,08,111785,21222.526707257326,0.22080575327852653
1157,BBA2F9DF,09,46336,14931.234295379094,0.15534919481769013
1158,BBA2F9DF,10,52062,16515.051486530283,0.17182772033784077
1159,BBA2F9DF,11,5896,849.7303393307473,0.008840858124371336
1160,BBA2F9DF,12,5259,637.1778361822012,0.006629395925909275
1161,BC06BC0D,01,63,11.314501310110707,0.001477698527234019
1162,BC06BC0D,02,251,70.46514548511293,0.00920290155533717
1163,BC06BC0D,03,995,168.55141349378252,0.022013181903156948
1164,BC06BC0D,04,11946,1392.036417708139,0.1818029896258247
1165,BC06BC0D,05,12294,1032.3133367084145,0.13482237135232028
1166,BC06BC0D,06,9547,416.94242683968696,0.05445358953043904
1167,BC06BC0D,07,17562,1181.5983802141968,0.15431932335049922
1168,BC06BC0D,08,13248,2515.149920094333,0.32848406048395173
1169,BC06BC0D,09,2460,792.7062406472845,0.10352916246401025
1170,BC06BC0D,10,136,43.14177331197646,0.005634409607465744
1171,BC06BC0D,11,149,21.47385016286997,0.00280453162627337
1172,BC06BC0D,12,92,11.146674449279809,0.0014557799734875526
1173,BCF9A19A,01,35447,6366.113141896733,0.16113243851236653
1174,BCF9A19A,02,15505,4352.8369750863585,0.11017448490296333
1175,BCF9A19A,03,14527,2460.8506370092246,0.06228649336223798
1176,BCF9A19A,04,9454,1101.6501166091366,0.02788382262772272
1177,BCF9A19A,05,9075,762.0175313672411,0.019287395665386217
1178,BCF9A19A,06,6749,294.7464584415049,0.007460315978206657
1179,BCF9A19A,07,9159,616.2316116832837,0.015597414005329649
1180,BCF9A19A,08,13041,2475.8507025928593,0.06266615943028658
1181,BCF9A19A,09,19551,6300.081183290674,0.15946110621386891
1182,BCF9A19A,10,25883,8210.577342896226,0.20781759911685785
1183,BCF9A19A,11,31748,4575.515402488562,0.1158106897915126
1184,BCF9A19A,12,16442,1992.1045792941152,0.05042208039326105
1185,BD0914CB,01,3975,713.8911540903184,0.053300270283231276
1186,BD0914CB,02,2926,821.438309519683,0.0613299151663959
1187,BD0914CB,03,4113,696.7356419094749,0.05201941194670881
1188,BD0914CB,04,4409,513.7693425142462,0.03835885157330698
1189,BD0914CB,05,3908,328.1503595132979,0.02450023754375512
1190,BD0914CB,06,4679,204.3441515850943,0.015256665456461378
1191,BD0914CB,07,5559,374.0180728624713,0.02792479534192531
1192,BD0914CB,08,7016,1331.9966666200062,0.09944902936593518
1193,BD0914CB,09,11813,3806.6011466529967,0.28420700945034216
1194,BD0914CB,10,9822,3115.7242461046526,0.23262502062658233
1195,BD0914CB,11,5941,856.2157303195335,0.06392645375321691
1196,BD0914CB,12,5207,630.8775419282605,0.04710233949213866
1197,BD61BDEC,01,64058,11504.51309401701,0.16022515643143628
1198,BD61BDEC,02,44979,12627.297923405955,0.17586235667255248
1199,BD61BDEC,03,49869,8447.729084946171,0.11765284658851058
1200,BD61BDEC,04,31254,3641.947614184679,0.05072197505701527
1201,BD61BDEC,05,463,38.87758865267577,0.0005414542686549267
1202,BD61BDEC,06,8,0.3493808960634226,4.865882481808795e-06
1203,BD61BDEC,07,1,0.0672815385613368,9.3704052947223e-07
1204,BD61BDEC,08,1,0.18985129227765196,2.6440886941766073e-06
1205,BD61BDEC,09,8376,2699.0680779112417,0.03759034402136736
1206,BD61BDEC,10,47860,15182.097578758774,0.2114434517684211
1207,BD61BDEC,11,59827,8622.25525969142,0.12008349996961544
1208,BD61BDEC,12,74594,9037.772107278022,0.1258704682107211
1209,C235A4D7,01,109189,19609.82672301076,0.24616994377671092
1210,C235A4D7,02,31813,8931.106268198795,0.112115724374375
1211,C235A4D7,03,34656,5870.671141749273,0.07369686664289374
1212,C235A4D7,04,22419,2612.4279632177104,0.03279484586528125
1213,C235A4D7,05,17578,1476.0048668180013,0.01852887535474118
1214,C235A4D7,06,15569,679.9388963514283,0.008535543034147296
1215,C235A4D7,07,9981,671.5370363807026,0.00843007114875902
1216,C235A4D7,08,11729,2226.76580712458,0.027953475636810676
1217,C235A4D7,09,26867,8657.57665344333,0.10868199847578736
1218,C235A4D7,10,35318,11203.537866414592,0.14064246082497212
1219,C235A4D7,11,64780,9336.080627857158,0.11719952836490831
1220,C235A4D7,12,69200,8384.237737936552,0.10525066650061324
1221,C6E1197B,01,37396,6716.144301474603,0.175370700193132
1222,C6E1197B,02,19479,5468.488322328744,0.14279214129961382
1223,C6E1197B,03,17685,2995.8108016457727,0.07822604970167404
1224,C6E1197B,04,18903,2202.7175961775447,0.05751694868804024
1225,C6E1197B,05,19380,1627.3167777297115,0.04249219044978407
1226,C6E1197B,06,10063,439.4774946357777,0.011475553903223589
1227,C6E1197B,07,4059,273.09576502046605,0.007131025389210703
1228,C6E1197B,08,6713,1274.4717250598776,0.03327876662075688
1229,C6E1197B,09,11781,3796.289520758398,0.09912799986222383
1230,C6E1197B,10,21819,6921.399646279517,0.18073028925510573
1231,C6E1197B,11,23778,3426.880598474645,0.08948206337687045
1232,C6E1197B,12,26038,3154.7511881559526,0.0823762712603647
1233,C9ABA616,01,13525,2429.025876495989,0.09574478258115611
1234,C9ABA616,02,9665,2713.32920762397,0.10695115172252327
1235,C9ABA616,03,8775,1486.4710084501926,0.05859214794474034
1236,C9ABA616,04,16731,1949.620065685156,0.07684806947143809
1237,C9ABA616,05,10083,846.6581563389412,0.033372679098903894
1238,C9ABA616,06,7435,324.7058702789434,0.012798913858229477
1239,C9ABA616,07,6615,445.06737758324294,0.017543196930509635
1240,C9ABA616,08,8803,1671.2609259201704,0.06587600220193561
1241,C9ABA616,09,13813,4451.077765065423,0.17544789332700667
1242,C9ABA616,10,14657,4649.477731129698,0.18326821413904154
1243,C9ABA616,11,17685,2548.7586585929894,0.10046428322569079
1244,C9ABA616,12,15305,1854.3462222416028,0.07309266549882455
1245,CAA5E106,01,4398,789.8599486010617,0.1426386872991607
1246,CAA5E106,02,3880,1089.2620098893951,0.19670690163572613
1247,CAA5E106,03,2736,463.4740375065216,0.08369753197925772
1248,CAA5E106,04,1669,194.48424419511835,0.035121387457983856
1249,CAA5E106,05,1200,100.76264877583353,0.018196456189007934
1250,CAA5E106,06,986,43.061195439816835,0.007776305662727489
1251,CAA5E106,07,1218,81.94891396770822,0.014798934335952283
1252,CAA5E106,08,1271,241.30099248489566,0.043575898326013565
1253,CAA5E106,09,2106,678.6338791882849,0.12255267007220434
1254,CAA5E106,10,2872,911.0527422940911,0.16452456850266867
1255,CAA5E106,11,3881,559.3289428328748,0.10100771195629317
1256,CAA5E106,12,3172,384.3179494903864,0.06940294658300412
1257,CB343E43,01,46029,8266.590171477552,0.07131527505937879
1258,CB343E43,02,20528,5762.982097682861,0.04971682942219329
1259,CB343E43,03,21593,3657.8197704233626,0.03155574640018118
1260,CB343E43,04,68900,8028.738421236462,0.06926334522616606
1261,CB343E43,05,73551,6175.994650092776,0.05327985881727756
1262,CB343E43,06,28,1.222833136221979,1.0549292955429787e-05
1263,CB343E43,07,33126,2228.768246382843,0.019227422339481024
1264,CB343E43,08,46112,8754.422789507087,0.075523771744959
1265,CB343E43,09,54195,17463.705167430726,0.1506581204265279
1266,CB343E43,10,119040,37761.740404835866,0.32576780121305915
1267,CB343E43,11,71283,10273.291685636645,0.08862694377353603
1268,CB343E43,12,62239,7540.846424442674,0.06505433628428457
1269,D05FFEF7,01,3092,555.3085404898778,0.11947947381686844
1270,D05FFEF7,02,2105,590.9527141281384,0.12714862853071368
1271,D05FFEF7,03,2990,506.5012325089545,0.1089781559894239
1272,D05FFEF7,04,2863,333.61796952104487,0.07178081471439764
1273,D05FFEF7,05,2319,194.7238187592983,0.04189652726112953
1274,D05FFEF7,06,1685,73.58835123335838,0.015833175331062332
1275,D05FFEF7,07,1508,101.4605601504959,0.02183012407706153
1276,D05FFEF7,08,2224,422.229274025498,0.09084630941591726
1277,D05FFEF7,09,1364,439.5330537572748,0.09456936848425401
1278,D05FFEF7,10,1652,524.0456581719493,0.1127529921278787
1279,D05FFEF7,11,2701,389.2675791269247,0.08375431338949296
1280,D05FFEF7,12,4263,516.5029693182589,0.11113011686180001
1281,D13B9122,01,5111,917.9113681900924,0.05732262796240405
1282,D13B9122,02,5385,1511.772145168658,0.0944086272864224
1283,D13B9122,03,6457,1093.8055044516118,0.06830703722358168
1284,D13B9122,04,11483,1338.084227736695,0.08356199413909733
1285,D13B9122,05,13878,1165.3200330925147,0.07277304653695606
1286,D13B9122,06,19124,835.1950320396118,0.052157077204582715
1287,D13B9122,07,10402,699.8625641150254,0.04370570272670556
1288,D13B9122,08,8193,1555.4516376308027,0.09713636700374512
1289,D13B9122,09,7859,2532.4708720516296,0.15815022087642058
1290,D13B9122,10,8316,2637.992550458796,0.16473994197904646
1291,D13B9122,11,8296,1195.6178587326797,0.07466511482091841
1292,D13B9122,12,4371,529.5881958456744,0.03307224224011962
1293,D201EB72,01,265634,47706.60700015789,0.26081550909273543
1294,D201EB72,02,121119,34002.66117932826,0.18589503516703546
1295,D201EB72,03,93395,15820.96408367017,0.08649436757903703
1296,D201EB72,04,22090,2574.0904459377857,0.014072740702473097
1297,D201EB72,05,627,52.64848398537302,0.0002878331119536618
1298,D201EB72,06,212,9.258593745680699,5.061740905729338e-05
1299,D201EB72,07,281,18.906112335735642,0.00010336109867953965
1300,D201EB72,08,202,38.349961040085695,0.00020966204140913683
1301,D201EB72,09,12412,3999.6218938675183,0.02186622537259996
1302,D201EB72,10,79026,25068.542483472436,0.137051554934898
1303,D201EB72,11,235330,33915.71247535698,0.18541968024415975
1304,D201EB72,12,162644,19705.866512268098,0.10773341324596153
1305,D3A260BC,01,1438138,258282.76643047604,0.2747465379587252
1306,D3A260BC,02,446386,125317.34833672359,0.13330547785870314
1307,D3A260BC,03,1351665,228969.89579906888,0.2435651709828571
1308,D3A260BC,04,73262,8537.030975567863,0.009081208697735668
1309,D3A260BC,05,402,33.75548733990423,3.590717031538639e-05
1310,D3A260BC,06,6,0.26203567204756695,2.7873866581081376e-07
1311,D3A260BC,07,5,0.336407692806684,3.5785139759294787e-07
1312,D3A260BC,08,5,0.9492564613882598,1.0097651113380714e-06
1313,D3A260BC,09,20,6.444766184124264,6.855576241159058e-06
1314,D3A260BC,10,81365,25810.51754065415,0.027455762671360854
1315,D3A260BC,11,1229627,177213.5970081833,0.18850975978808487
1316,D3A260BC,12,956620,115903.60556163097,0.12329167294080183
1317,DE0971C1,01,1186,212.99997704430632,0.03264135111238687
1318,DE0971C1,02,569,159.73971227501696,0.024479439422079793
1319,DE0971C1,03,1083,183.4584731796648,0.028114239826205284
1320,DE0971C1,04,2145,249.9512904724559,0.03830398456619797
1321,DE0971C1,05,3630,304.80701254689643,0.04671039338183305
1322,DE0971C1,06,7744,338.2007073893931,0.051827836742247585
1323,DE0971C1,07,7436,500.30552074210044,0.07666971796251179
1324,DE0971C1,08,7028,1334.274882127338,0.20447201690964334
1325,DE0971C1,09,5406,1742.0202995687885,0.2669572881282625
1326,DE0971C1,10,3382,1072.8343922140027,0.16440736082528845
1327,DE0971C1,11,1827,263.306874144721,0.04035067162225613
1328,DE0971C1,12,1350,163.56533159269284,0.025065699501087283
1329,DE473F42,01,20,3.5919051778129227,0.001615765672698949
1330,DE473F42,02,26,7.299178416784606,0.00328342796953419
1331,DE473F42,03,956,161.9448756784483,0.07284851855417326
1332,DE473F42,04,4341,505.8454787603408,0.22754714275853663
1333,DE473F42,05,3745,314.46343305458043,0.1414567465720328
1334,DE473F42,06,2847,124.33592638657052,0.05593068630530187
1335,DE473F42,07,5208,350.40225282744206,0.15762329564047498
1336,DE473F42,08,1916,363.7550760039812,0.1636298665977316
1337,DE473F42,09,1085,349.62856548874134,0.1572752637795572
1338,DE473F42,10,122,38.700708412214176,0.017408944018856818
1339,DE473F42,11,7,1.008838598255636,0.00045381119368738534
1340,DE473F42,12,17,2.059711583019095,0.0009265309374144057
1341,E0A04985,03,3,0.5081952165641684,0.00021851779466690319
1342,E0A04985,04,7031,819.3042066721853,0.352290896427036
1343,E0A04985,05,10055,844.3070278675051,0.3630418070416429
1344,E0A04985,06,4954,216.35411988727444,0.09302965396742655
1345,E0A04985,07,3811,256.40994345725454,0.11025317348273353
1346,E0A04985,08,854,162.1330036051148,0.06971522996623332
1347,E0A04985,09,60,19.334298552372793,0.008313514459384008
1348,E0A04985,10,23,7.296035192466607,0.003137206860876873
1349,E196D6F9,01,68824,12360.46409788983,0.1292325229714774
1350,E196D6F9,02,63322,17776.868296447494,0.18586272507953652
1351,E196D6F9,03,53855,9122.95112935443,0.09538331101930363
1352,E196D6F9,04,600,69.91644488740025,0.0007309983264736407
1353,E196D6F9,05,849,71.28957400890222,0.0007453548214508481
1354,E196D6F9,06,1086,47.42845664060962,0.0004958793669693755
1355,E196D6F9,07,406,27.31630465590274,0.00028560051960690465
1356,E196D6F9,08,479,90.9387690009953,0.0009507933084749897
1357,E196D6F9,09,12198,3930.6628956973886,0.041096311508891224
1358,E196D6F9,10,64639,20504.71386112387,0.21438320471588493
1359,E196D6F9,11,164681,23733.792742762344,0.24814423564831553
1360,E196D6F9,12,65276,7908.807840773791,0.08268906271361505
1361,E6F3BA54,03,2,0.3387968110427789,5.506097923628126e-06
1362,E6F3BA54,04,8560,997.4746137269102,0.016210875428871802
1363,E6F3BA54,05,25661,2154.72527519722,0.03501841805191728
1364,E6F3BA54,06,1504,65.68360845992345,0.0010674846054319013
1365,E6F3BA54,07,1041,70.04008164235161,0.0011382856494862401
1366,E6F3BA54,08,129740,24631.306660102568,0.40030597112176985
1367,E6F3BA54,09,101131,32588.282448333546,0.5296220875606753
1368,E6F3BA54,10,3226,1023.3482404737945,0.016631371483923983
1369,E7A14E91,01,74716,13418.639363273516,0.12058179380871852
1370,E7A14E91,02,51062,14335.024935302137,0.12881656434723332
1371,E7A14E91,03,30276,5128.706125565587,0.04608727962621046
1372,E7A14E91,04,18104,2109.612197069157,0.018957273988567332
1373,E7A14E91,05,1892,158.86910956989752,0.001427620319327127
1374,E7A14E91,06,9953,434.67350731490563,0.0039060376998142957
1375,E7A14E91,07,48946,3293.162186423191,0.029592821819832953
1376,E7A14E91,08,67400,12795.977099513742,0.11498646251852468
1377,E7A14E91,09,73238,23600.089289644642,0.21207374485225375
1378,E7A14E91,10,60114,19069.29824173642,0.17135941479696132
1379,E7A14E91,11,73347,10570.754952322306,0.09499030114424852
1380,E7A14E91,12,52556,6367.6589386559735,0.057220685078307756
1381,EA4D6C0B,01,5946,1067.873409363782,0.1231289403261506
1382,EA4D6C0B,02,4504,1264.4422918922257,0.1457939097828231
1383,EA4D6C0B,03,5521,935.2485968835912,0.10783690994272772
1384,EA4D6C0B,04,4607,536.8417693270883,0.06189943264852123
1385,EA4D6C0B,05,3762,315.8909039122381,0.0364231489578496
1386,EA4D6C0B,06,2357,102.93634650268588,0.011868863064464125
1387,EA4D6C0B,07,2432,163.6287017811711,0.018866869874831653
1388,EA4D6C0B,08,2215,420.5206123949991,0.04848726163183389
1389,EA4D6C0B,09,4374,1409.4703644679764,0.1625160724822719
1390,EA4D6C0B,10,3933,1247.6220179117897,0.143854482793588
1391,EA4D6C0B,11,3958,570.4261674136868,0.06577181238158168
1392,EA4D6C0B,12,5265,637.904793211502,0.07355229611335651
1393,EA5E858A,01,280902,50448.66741290028,0.2580708214409842
1394,EA5E858A,02,86983,24419.401393352902,0.12491776888973331
1395,EA5E858A,03,75767,12834.808991139116,0.06565663414400541
1396,EA5E858A,04,44656,5203.64793815291,0.026619329444278014
1397,EA5E858A,05,26994,2266.6557842123752,0.011595107465733888
1398,EA5E858A,06,28431,1241.656031997396,0.006351707756759937
1399,EA5E858A,07,30696,2065.2741076787943,0.010564936851695144
1400,EA5E858A,08,38352,7281.176761432508,0.037246955454751936
1401,EA5E858A,09,66606,21463.004822989034,0.10979428336384975
1402,EA5E858A,10,79820,25320.414307073243,0.1295269122962306
1403,EA5E858A,11,120279,17334.585394227095,0.08867529949627842
1404,EA5E858A,12,211329,25604.517007520135,0.1309802433956995
1405,EB98812F,01,1749,314.1121077997401,0.06217635939286934
1406,EB98812F,02,1180,331.2704050694552,0.06557272785852444
1407,EB98812F,03,1974,334.3924524992228,0.06619071595326728
1408,EB98812F,04,1863,217.09056137537777,0.04297160290771325
1409,EB98812F,05,1188,99.7550222880752,0.019745829476211573
1410,EB98812F,06,941,41.09592789946009,0.008134659948508965
1411,EB98812F,07,1086,73.06775087761177,0.01446326526671632
1412,EB98812F,08,1223,232.18813045556837,0.04596006421747935
1413,EB98812F,09,3822,1231.594817786147,0.2437858335148527
1414,EB98812F,10,5189,1646.0489832047488,0.3258242220425809
1415,EB98812F,11,1997,287.8072401023579,0.056969489402435736
1416,EB98812F,12,2010,243.53060481578711,0.04820523001884025
1417,ED4CE8E7,01,558292,100266.59627657662,0.21117500206545767
1418,ED4CE8E7,02,276949,77750.00628269538,0.16375202058368038
1419,ED4CE8E7,03,273357,46306.23993811046,0.09752719926385366
1420,ED4CE8E7,04,166966,19456.11522844945,0.04097720802469705
1421,ED4CE8E7,05,5346,448.89760029633834,0.0009454390114956323
1422,ED4CE8E7,06,2122,92.67328268082285,0.0001951824574512593
1423,ED4CE8E7,07,1111,74.74978934164518,0.0001574331582481579
1424,ED4CE8E7,08,27225,5168.701432259075,0.010885983729040084
1425,ED4CE8E7,09,142832,46025.942180541846,0.09693685430619478
1426,ED4CE8E7,10,235112,74581.97505092212,0.15707971867300466
1427,ED4CE8E7,11,384203,55371.259423658594,0.11661935537239052
1428,ED4CE8E7,12,406573,49260.18337898956,0.10374860335448614
1429,F012ED4B,01,4447,798.6601162867033,0.11728176396944116
1430,F012ED4B,02,4090,1148.2169124865015,0.16861353430552464
1431,F012ED4B,03,1780,301.52916182807326,0.04427900087442025
1432,F012ED4B,04,690,80.40391162051029,0.011807166017930137
1433,F012ED4B,05,361,30.31276350672992,0.004451373371925792
1434,F012ED4B,06,306,13.363819274425914,0.0019624521945087927
1435,F012ED4B,07,1148,77.23920626841465,0.011342434878151939
1436,F012ED4B,08,3054,579.8058466159491,0.08514341841317496
1437,F012ED4B,09,3287,1059.1973223608227,0.15554117180128715
1438,F012ED4B,10,5780,1833.5253657589994,0.2692498157773731
1439,F012ED4B,11,2681,386.3851831319086,0.056739950981974756
1440,F012ED4B,12,4136,501.11571219805745,0.07358791741428726
1441,F59AB6B3,01,14319,2571.624512055162,0.008865429706606313
1442,F59AB6B3,02,2433,683.0346572321903,0.0023546966956029818
1443,F59AB6B3,03,388,65.72658134229911,0.0002265861069585247
1444,F59AB6B3,04,1693,197.28090199061438,0.0006801070532866989
1445,F59AB6B3,05,23446,1968.7342193318273,0.006787023047360961
1446,F59AB6B3,06,44560,1946.0515910732638,0.006708826854470161
1447,F59AB6B3,07,88107,5927.974518023701,0.020436125548551804
1448,F59AB6B3,08,155852,29588.703604056616,0.10200422755409871
1449,F59AB6B3,09,285180,91895.92101942789,0.31680240420111067
1450,F59AB6B3,10,362173,114888.12842440036,0.39606584160924047
1451,F59AB6B3,11,185228,26695.022268242137,0.09202853773012816
1452,F59AB6B3,12,112621,13645.10459948197,0.04704019389258453
1453,F5C181CA,02,685,192.30527751913291,0.00467161944699072
1454,F5C181CA,03,36313,6151.364299698215,0.14943340847801503
1455,F5C181CA,04,105435,12286.067277838409,0.2984620680338624
1456,F5C181CA,05,104250,8753.755112400537,0.21265257586711894
1457,F5C181CA,06,113089,4938.89201936455,0.11997915138837073
1458,F5C181CA,07,61999,4171.3881092643205,0.10133438906920392
1459,F5C181CA,08,22486,4268.9961581552825,0.10370555467248005
1460,F5C181CA,09,1181,380.5634431725378,0.009244923513665364
1461,F5C181CA,10,67,21.253667734576638,0.0005163095302927862
1462,F6C6C3F7,01,4030,723.768893329304,0.06233159609539583
1463,F6C6C3F7,02,2859,802.628888214892,0.06912308629979315
1464,F6C6C3F7,03,3272,554.2715828659864,0.04773434275606436
1465,F6C6C3F7,04,3012,350.98055333474923,0.030226745428594062
1466,F6C6C3F7,05,2098,176.16669760974895,0.015171626664361946
1467,F6C6C3F7,06,12,0.5240713440951339,4.5133472364425674e-05
1468,F6C6C3F7,07,6,0.4036892313680208,3.476606185980926e-05
1469,F6C6C3F7,08,935,177.51095827960458,0.015287395542926121
1470,F6C6C3F7,09,10655,3433.4491845922016,0.2956915802275228
1471,F6C6C3F7,10,10810,3429.1365404593053,0.2953201716264176
1472,F6C6C3F7,11,7117,1025.7006148264802,0.08833421417722429
1473,F6C6C3F7,12,7734,937.0476107688047,0.0806993416474756
1474,F6CA75F0,04,359,41.83333952429448,0.018003720511368865
1475,F6CA75F0,05,5119,429.83666590290983,0.1849878419092131
1476,F6CA75F0,06,8754,382.31004551740017,0.16453391688193375
1477,F6CA75F0,07,5314,357.53409591494375,0.1538711470165889
1478,F6CA75F0,08,3290,624.610751593475,0.2688123283476882
1479,F6CA75F0,09,1308,421.48770844172685,0.1813947198108649
1480,F6CA75F0,10,208,65.98153565361105,0.028396325522342277
1481,F9305BAA,01,2277,408.93840449400125,0.05021642845610787
1482,F9305BAA,02,1371,384.8912926696806,0.04726351413641663
1483,F9305BAA,03,3537,599.1621603291545,0.07357534393230944
1484,F9305BAA,04,14057,1638.0257763036423,0.20114472815726708
1485,F9305BAA,05,5375,451.33269764175435,0.055422322462163824
1486,F9305BAA,06,530,23.146484364201747,0.002842319927186997
1487,F9305BAA,07,3911,263.13809731338824,0.032312581289997054
1488,F9305BAA,08,4342,824.3343110695648,0.10122581909850191
1489,F9305BAA,09,5233,1686.2730720761137,0.2070693536014262
1490,F9305BAA,10,3235,1026.2032107664988,0.1260147238522324
1491,F9305BAA,11,3668,528.6314254859533,0.06491437797438537
1492,F9305BAA,12,2554,309.44137547239814,0.03799848711200524
1493,F93AC929,01,21427,3848.1876122498747,0.0964361202276611
1494,F93AC929,02,11653,3271.435618876578,0.08198263454067509
1495,F93AC929,03,14255,2414.7742707074067,0.060514581241129226
1496,F93AC929,04,20325,2368.4195705606835,0.0593529259667771
1497,F93AC929,05,19743,1657.797478984401,0.04154463687984873
1498,F93AC929,06,12319,538.0029073256629,0.013482428166581793
1499,F93AC929,07,13567,912.8086336616564,0.022875112133417117
1500,F93AC929,08,17623,3345.7493238090606,0.08384494638862625
1501,F93AC929,09,27707,8928.256833176549,0.22374336600607056
1502,F93AC929,10,22799,7232.2741892628765,0.18124180354798078
1503,F93AC929,11,18439,2657.4249876050962,0.06659544217254118
1504,F93AC929,12,22523,2728.8755284905337,0.06838600272869114
1505,FB738385,01,133548,23984.58763432801,0.23038259708731684
1506,FB738385,02,92045,25840.495283574583,0.24820941282025372
1507,FB738385,03,72959,12359.138268435054,0.11871500212778567
1508,FB738385,04,29298,3414.020003851754,0.032793175642081666
1509,FB738385,05,1943,163.15152214287045,0.001567142698598098
1510,FB738385,06,951,41.532654019539365,0.00039893955413499235
1511,FB738385,07,744,50.05746468963458,0.0004808241398446616
1512,FB738385,08,518,98.34296939982372,0.0009446278185405499
1513,FB738385,09,280,90.2267265777397,0.0008666677081375344
1514,FB738385,10,9811,3112.2348379691252,0.029894395336225694
1515,FB738385,11,112385,16196.903694994238,0.15557844041000865
1516,FB738385,12,154812,18756.945270020715,0.18016877465707185
1517,FC366114,01,2054,368.88866176138714,0.13454084942925523
1518,FC366114,02,1300,364.9589208392303,0.13310759669879893
1519,FC366114,03,1669,282.725938815199,0.1031156332706296
1520,FC366114,04,1471,171.41181738227627,0.06251721428006708
1521,FC366114,05,976,81.9536210043446,0.029890075046166458
1522,FC366114,06,685,29.91573922543056,0.010910850302297952
1523,FC366114,07,594,39.96523390543406,0.014576095919028313
1524,FC366114,08,774,146.94490022290262,0.05359365506352866
1525,FC366114,09,1570,505.9141454537547,0.18451670089999136
1526,FC366114,10,1189,377.1732975583824,0.13756241678244416
1527,FC366114,11,1088,156.802342128876,0.05718885530876432
1528,FC366114,12,1776,215.17928067305368,0.07848005699902785
1529,FD2B0309,01,58194,10451.366495882261,0.19050090961072783
1530,FD2B0309,02,6912,1940.4585083390461,0.035369452506148986
1531,FD2B0309,03,13605,2304.6653071185037,0.04200798407819114
1532,FD2B0309,04,20901,2435.5393576525876,0.04439347363891089
1533,FD2B0309,05,40259,3380.502897555235,0.06161767240481891
1534,FD2B0309,06,28507,1244.9751505099985,0.022692620980074688
1535,FD2B0309,07,60157,4047.455515234338,0.07377446361343107
1536,FD2B0309,08,38706,7348.384118898797,0.13394170603153038
1537,FD2B0309,09,33278,10723.446453764363,0.1954602112947526
1538,FD2B0309,10,16829,5338.477228435675,0.09730639226495746
1539,FD2B0309,11,15062,2170.732423846627,0.039566740045639766
1540,FD2B0309,12,28694,3476.5508331264655,0.06336837353081626
1541,FED3756C,01,2809,504.483082223825,0.20815298495098364
1542,FED3756C,02,1888,530.0326481111283,0.21869490120355772
1543,FED3756C,03,1829,309.82968369862135,0.12783773284130442
1544,FED3756C,04,1482,172.6936188718786,0.07125450489184197
1545,FED3756C,05,1262,105.96871896258493,0.043723379317817376
1546,FED3756C,06,882,38.51924379099234,0.01589328930081422
1547,FED3756C,07,473,31.82416773951231,0.01313085758864213
1548,FED3756C,08,304,57.7147928524062,0.023813497085172795
1549,FED3756C,09,256,82.49300715679058,0.03403714868212459
1550,FED3756C,10,531,168.44324726955514,0.0695007740585412
1551,FED3756C,11,1350,194.56172966358696,0.08027742894405697
1552,FED3756C,12,1874,227.05291215163436,0.09368350113514301
1553,FF592882,01,14282,2564.9794874762083,0.0685304710351021
1554,FF592882,02,11355,3187.7758047149696,0.08517018499292962
1555,FF592882,03,14988,2538.9433019545854,0.06783484283750206
1556,FF592882,04,14222,1657.2527986476773,0.04427805971552432
1557,FF592882,05,16316,1370.0361478554164,0.03660427812622784
1558,FF592882,06,17894,781.4777192698605,0.020879323388935122
1559,FF592882,07,15322,1030.8877338368025,0.02754299686570118
1560,FF592882,08,17993,3415.994301951792,0.09126766888741152
1561,FF592882,09,30285,9758.987194310166,0.26073814333293316
1562,FF592882,10,21207,6727.261666375623,0.17973727003436066
1563,FF592882,11,15673,2258.7896214943694,0.06034976789717696
1564,FF592882,12,17629,2135.9209115908016,0.05706699288619555
1565,FFF61080,01,945,169.7175196516606,0.02626784276773674
1566,FFF61080,02,623,174.89954437141577,0.027069884954285518
1567,FFF61080,03,4722,799.899270872001,0.12380353142338298
1568,FFF61080,04,13700,1596.425491595639,0.24708500271339406
1569,FFF61080,05,7228,606.9270211264372,0.09393646333720795
1570,FFF61080,06,4339,189.49546350239882,0.02932895231262416
1571,FFF61080,07,1624,109.26521862361096,0.016911404247942706
1572,FFF61080,08,1913,363.1855221271482,0.05621164043838862
1573,FFF61080,09,4658,1500.9860442825411,0.23231346704043787
1574,FFF61080,10,1955,620.1629913596615,0.0959850460980118
1575,FFF61080,11,1173,169.05252510769444,0.026164918967305533
1576,FFF61080,12,1329,161.02098199013983,0.024921845699282092
