AVIBASEID,1,2,3,4,5,6,7,8,9,10,11,12,13,14,15,16,17,18,19,20,21,22,23,24,25,26,27,28,29,30,31,32,33,34,35,36,37,38,39,40,41,42,43,44,45,46,47,48,49,50,51,52
00124D98,12303.0,7115.0,5005.0,7304.0,5208.0,5232.0,5385.0,5565.0,4617.0,4705.0,5280.0,4860.0,5283.0,5560.0,5242.0,5760.0,6214.0,7685.0,6725.0,5258.0,6327.0,6582.0,4559.0,4325.0,3682.0,4005.0,4252.0,3829.0,4495.0,3834.0,4328.0,4764.0,5317.0,5931.0,6074.0,7022.0,6353.0,6482.0,6148.0,5050.0,5096.0,4404.0,3317.0,3979.0,4344.0,5118.0,5964.0,4697.0,5791.0,8623.0,8274.0,7495.0
01060BFD,26806.0,15320.0,10713.0,41901.0,7249.0,19332.0,20811.0,19882.0,9458.0,4693.0,10222.0,5761.0,6613.0,14387.0,6552.0,102007.0,95607.0,37539.0,2350.0,360.0,78.0,57.0,2.0,12.0,35.0,1337.0,28429.0,54990.0,155739.0,51634.0,77657.0,132853.0,126745.0,295358.0,186426.0,189782.0,43956.0,72962.0,35289.0,46305.0,33436.0,33401.0,15105.0,44847.0,22302.0,42658.0,18974.0,33558.0,20252.0,45748.0,19247.0,19091.0
018B3169,1332.0,1111.0,651.0,1206.0,750.0,1078.0,961.0,873.0,724.0,531.0,532.0,440.0,264.0,558.0,331.0,216.0,55.0,28.0,21.0,7.0,25.0,5.0,2.0,2.0,17.0,4.0,4.0,3.0,0.0,4.0,2.0,5.0,11.0,6.0,12.0,8.0,7.0,16.0,24.0,47.0,105.0,167.0,109.0,498.0,637.0,547.0,565.0,629.0,595.0,1026.0,491.0,876.0
03AC32BA,4951.0,3725.0,2535.0,4202.0,8357.0,5373.0,2639.0,7386.0,3290.0,2627.0,1522.0,1325.0,1284.0,390.0,389.0,883.0,291.0,185.0,108.0,80.0,65.0,66.0,72.0,53.0,34.0,26.0,131.0,61.0,50.0,84.0,34.0,57.0,31.0,42.0,50.0,37.0,109.0,111.0,113.0,214.0,423.0,714.0,1010.0,2088.0,2500.0,3098.0,3995.0,3217.0,4013.0,6318.0,6775.0,10092.0
0413ED30,2635.0,1653.0,1421.0,1452.0,1596.0,1245.0,1314.0,1953.0,1009.0,1529.0,971.0,1610.0,1136.0,1279.0,838.0,1459.0,325.0,113.0,9.0,2.0,11.0,6.0,0.0,0.0,0.0,0.0,0.0,26.0,228.0,563.0,1276.0,1146.0,1988.0,3812.0,3133.0,4444.0,5449.0,4444.0,3812.0,3239.0,3860.0,4789.0,3771.0,4083.0,3402.0,4915.0,3602.0,4038.0,2733.0,3693.0,2368.0,3838.0
06B9BD24,9635.0,9352.0,5122.0,7583.0,5420.0,4131.0,5789.0,6229.0,2491.0,3362.0,6691.0,6097.0,4750.0,6755.0,8612.0,3406.0,5920.0,4642.0,5677.0,2517.0,970.0,368.0,9.0,21.0,0.0,8.0,18.0,107.0,700.0,2504.0,3881.0,4387.0,5618.0,5267.0,8973.0,8128.0,11379.0,9775.0,11281.0,4731.0,4392.0,6749.0,9792.0,4663.0,8394.0,14565.0,12340.0,13896.0,10891.0,31389.0,4525.0,5465.0
0716A71C,359.0,140.0,108.0,373.0,146.0,108.0,114.0,223.0,101.0,118.0,246.0,227.0,246.0,168.0,312.0,491.0,603.0,678.0,729.0,471.0,576.0,861.0,1050.0,1676.0,1271.0,1110.0,1312.0,963.0,768.0,1175.0,1114.0,1140.0,1324.0,1652.0,1852.0,2827.0,3541.0,3360.0,4190.0,3963.0,3639.0,2454.0,2482.0,2185.0,1722.0,1667.0,1099.0,631.0,631.0,1237.0,672.0,912.0
0783A7EA,17504.0,13087.0,10668.0,9490.0,4969.0,6115.0,4116.0,5506.0,4226.0,5065.0,5545.0,2695.0,3672.0,3024.0,3276.0,1181.0,1184.0,215.0,344.0,93.0,65.0,244.0,82.0,109.0,62.0,66.0,133.0,58.0,298.0,26.0,18.0,14.0,84.0,44.0,33.0,16.0,91.0,130.0,617.0,814.0,1961.0,3803.0,3884.0,3182.0,4854.0,8851.0,9051.0,7741.0,5911.0,7988.0,8349.0,6519.0
0ADA5F17,9.0,1.0,3.0,9.0,20.0,4.0,7.0,4.0,8.0,18.0,5.0,5.0,34.0,25.0,56.0,382.0,1291.0,2202.0,2843.0,1566.0,1993.0,2239.0,1188.0,1713.0,1018.0,1082.0,978.0,855.0,594.0,666.0,859.0,809.0,832.0,844.0,1459.0,1565.0,1398.0,1286.0,919.0,610.0,190.0,55.0,18.0,24.0,14.0,5.0,6.0,13.0,5.0,50.0,30.0,10.0
0B1B2EB6,6.0,5.0,5.0,0.0,1.0,1.0,0.0,0.0,0.0,1.0,0.0,0.0,0.0,1.0,0.0,0.0,0.0,0.0,0.0,0.0,0.0,0.0,0.0,0.0,0.0,0.0,0.0,0.0,0.0,0.0,0.0,0.0,0.0,0.0,0.0,0.0,0.0,0.0,1.0,0.0,9.0,0.0,2.0,0.0,0.0,0.0,0.0,0.0,2.0,0.0,0.0,0.0
0D88C072,364.0,313.0,147.0,378.0,315.0,230.0,215.0,183.0,209.0,217.0,245.0,197.0,120.0,196.0,118.0,272.0,212.0,479.0,442.0,242.0,338.0,338.0,219.0,213.0,249.0,303.0,272.0,244.0,269.0,262.0,286.0,437.0,343.0,316.0,321.0,418.0,375.0,317.0,254.0,291.0,230.0,239.0,239.0,349.0,355.0,307.0,359.0,211.0,421.0,395.0,220.0,312.0
0E599E6C,6485.0,2815.0,1203.0,2245.0,2429.0,3192.0,1632.0,2223.0,3961.0,5742.0,3586.0,3083.0,2740.0,3147.0,2689.0,2748.0,2853.0,1801.0,1457.0,472.0,928.0,1632.0,1276.0,933.0,827.0,653.0,441.0,721.0,945.0,602.0,832.0,779.0,553.0,1539.0,1143.0,1127.0,1433.0,1185.0,1013.0,1474.0,3470.0,4439.0,1580.0,7723.0,9786.0,7305.0,4451.0,3982.0,3668.0,3033.0,4806.0,4684.0
115F04DD,2.0,5.0,0.0,0.0,3.0,9.0,0.0,5.0,2.0,2.0,3.0,6.0,7.0,1.0,0.0,0.0,0.0,0.0,0.0,0.0,0.0,0.0,0.0,0.0,0.0,0.0,0.0,0.0,0.0,0.0,0.0,0.0,0.0,0.0,0.0,0.0,0.0,0.0,0.0,0.0,0.0,0.0,0.0,1.0,0.0,0.0,0.0,0.0,0.0,4.0,3.0,2.0
15369E8E,42979.0,69907.0,15814.0,41167.0,14135.0,22995.0,18580.0,15396.0,11800.0,7557.0,14653.0,6958.0,6922.0,21079.0,6487.0,33356.0,9166.0,4500.0,720.0,50.0,4.0,0.0,0.0,0.0,1.0,0.0,5.0,14.0,22.0,6.0,7.0,10.0,6.0,4.0,2.0,51.0,26.0,53.0,571.0,372.0,7300.0,24593.0,6224.0,34647.0,39849.0,50961.0,30362.0,37533.0,27190.0,40031.0,14687.0,21093.0
1929E1E1,46197.0,20352.0,9456.0,18358.0,5417.0,7410.0,6325.0,6337.0,3772.0,5506.0,4431.0,2225.0,5636.0,675.0,1069.0,74.0,95.0,59.0,54.0,23.0,14.0,66.0,51.0,68.0,26.0,8.0,37.0,42.0,54.0,45.0,26.0,110.0,39.0,183.0,51.0,54.0,50.0,61.0,29.0,28.0,187.0,546.0,477.0,1177.0,4075.0,4301.0,4951.0,8756.0,14243.0,15708.0,36039.0,20908.0
19CCBBD2,1516.0,1219.0,810.0,1600.0,827.0,1038.0,862.0,1436.0,755.0,913.0,1602.0,1188.0,1485.0,1598.0,1395.0,1343.0,1424.0,1250.0,1230.0,737.0,1031.0,1308.0,1078.0,1154.0,828.0,867.0,995.0,958.0,1073.0,804.0,927.0,1064.0,1222.0,1024.0,1405.0,1456.0,1382.0,1609.0,1092.0,1286.0,1130.0,1248.0,784.0,1084.0,866.0,1123.0,1203.0,577.0,662.0,1722.0,1537.0,1521.0
1E1AB415,18389.0,788.0,487.0,7475.0,386.0,708.0,1078.0,4969.0,236.0,2288.0,1268.0,794.0,2053.0,1918.0,1786.0,3788.0,4258.0,3774.0,3529.0,2516.0,2934.0,3697.0,2899.0,2734.0,2196.0,2047.0,2277.0,2122.0,1911.0,1448.0,754.0,1152.0,864.0,1182.0,1881.0,4548.0,4087.0,2605.0,2828.0,1600.0,3077.0,2457.0,1793.0,3159.0,1556.0,2743.0,1321.0,571.0,640.0,1236.0,1608.0,2925.0
1F09CCCC,1.0,2.0,2.0,1.0,3.0,1.0,1.0,1.0,2.0,1.0,76.0,409.0,1194.0,1847.0,2154.0,3525.0,4239.0,4272.0,3467.0,2177.0,3083.0,2644.0,2539.0,2379.0,1694.0,1406.0,1452.0,790.0,713.0,640.0,779.0,1006.0,1324.0,1482.0,1726.0,2062.0,1386.0,984.0,340.0,186.0,45.0,16.0,16.0,25.0,15.0,7.0,1.0,7.0,6.0,2.0,1.0,4.0
20748450,177.0,200.0,278.0,372.0,184.0,191.0,133.0,296.0,255.0,174.0,326.0,356.0,366.0,420.0,380.0,387.0,412.0,441.0,400.0,246.0,264.0,364.0,210.0,186.0,186.0,167.0,182.0,128.0,108.0,100.0,81.0,83.0,121.0,93.0,98.0,177.0,130.0,295.0,221.0,232.0,177.0,117.0,96.0,139.0,143.0,153.0,117.0,53.0,126.0,337.0,154.0,187.0
20C2214E,3343.0,2206.0,1553.0,2306.0,1215.0,1608.0,1167.0,1614.0,901.0,1055.0,920.0,652.0,689.0,690.0,577.0,519.0,480.0,395.0,366.0,293.0,467.0,468.0,380.0,420.0,405.0,333.0,368.0,253.0,361.0,272.0,286.0,300.0,275.0,367.0,413.0,589.0,548.0,660.0,732.0,964.0,799.0,933.0,728.0,871.0,1043.0,1159.0,2181.0,918.0,769.0,1711.0,1502.0,1581.0
2225D685,1772.0,1556.0,1110.0,1612.0,1118.0,1375.0,1282.0,2398.0,1385.0,1335.0,2115.0,2493.0,2284.0,2327.0,2947.0,3581.0,3091.0,3186.0,2682.0,1713.0,2501.0,2952.0,2667.0,3435.0,2741.0,2617.0,2763.0,2591.0,2277.0,2241.0,2268.0,2339.0,2107.0,2063.0,2033.0,2646.0,2447.0,2795.0,2922.0,2722.0,2477.0,2110.0,2297.0,2172.0,2297.0,2204.0,1436.0,1263.0,937.0,2490.0,1508.0,1647.0
2281F1C7,0.0,0.0,0.0,2.0,0.0,2.0,0.0,0.0,1.0,0.0,28.0,340.0,1310.0,2140.0,3218.0,2934.0,3927.0,3294.0,3178.0,1940.0,2666.0,2540.0,1524.0,1342.0,1290.0,1172.0,1344.0,1384.0,1761.0,1087.0,982.0,739.0,773.0,473.0,276.0,137.0,45.0,21.0,12.0,3.0,3.0,0.0,0.0,5.0,0.0,0.0,0.0,0.0,0.0,0.0,0.0,0.0
23863F65,16334.0,13203.0,8480.0,11774.0,6642.0,11293.0,9533.0,10182.0,5486.0,9609.0,5829.0,3861.0,4904.0,4739.0,2130.0,2270.0,1923.0,3168.0,1373.0,897.0,1889.0,3364.0,642.0,1124.0,1235.0,5006.0,2504.0,3907.0,3347.0,2735.0,3551.0,2910.0,3159.0,2489.0,2831.0,3422.0,4305.0,4898.0,3604.0,5181.0,3688.0,4428.0,3252.0,3398.0,4490.0,6977.0,6385.0,5748.0,7643.0,11742.0,9629.0,10695.0
240E3390,7110.0,3327.0,3029.0,3795.0,2555.0,2733.0,3050.0,3037.0,1898.0,2353.0,2758.0,2923.0,2665.0,3060.0,2859.0,4068.0,3896.0,3559.0,3007.0,3040.0,4078.0,3651.0,2999.0,2884.0,2357.0,2610.0,2909.0,3160.0,3771.0,1970.0,2506.0,3442.0,2266.0,2867.0,3263.0,3384.0,2907.0,3683.0,2337.0,3045.0,2879.0,2436.0,2234.0,2832.0,3479.0,2536.0,2604.0,3195.0,2146.0,5328.0,3722.0,4522.0
249AE8DF,27614.0,30955.0,13426.0,31075.0,27546.0,23658.0,14218.0,17922.0,19412.0,13595.0,15111.0,17521.0,12516.0,33607.0,15207.0,54434.0,43404.0,5399.0,2801.0,4341.0,2373.0,1767.0,2469.0,2465.0,927.0,1482.0,3475.0,8922.0,14428.0,33388.0,30315.0,44204.0,32263.0,47335.0,34322.0,42857.0,30361.0,43731.0,23352.0,20205.0,17969.0,27582.0,23275.0,24044.0,27456.0,31583.0,26431.0,19195.0,18142.0,35901.0,20815.0,28915.0
25C94A8F,13730.0,18441.0,7902.0,15827.0,45747.0,7928.0,4624.0,14925.0,8722.0,3832.0,4044.0,6059.0,2827.0,3514.0,2151.0,1814.0,2219.0,1228.0,852.0,157.0,76.0,90.0,111.0,20.0,77.0,9.0,28.0,22.0,40.0,26.0,39.0,39.0,16.0,60.0,30.0,166.0,32.0,51.0,134.0,5932.0,563.0,911.0,1726.0,757.0,2605.0,1317.0,4323.0,9299.0,4156.0,9964.0,4670.0,11740.0
27903EF7,5893.0,4834.0,3107.0,6153.0,1510.0,4588.0,4687.0,3531.0,3233.0,1735.0,2042.0,2087.0,2382.0,4016.0,2060.0,4383.0,1838.0,442.0,209.0,44.0,39.0,35.0,15.0,4.0,13.0,22.0,42.0,481.0,4975.0,5219.0,10228.0,7312.0,10810.0,11175.0,6493.0,16283.0,7195.0,7921.0,5503.0,3010.0,5607.0,4783.0,2428.0,4551.0,4755.0,5796.0,5421.0,4301.0,4577.0,10866.0,2053.0,4209.0
27B2749A,1287.0,777.0,758.0,818.0,778.0,1030.0,1025.0,1093.0,1109.0,1006.0,1257.0,867.0,740.0,1279.0,999.0,988.0,903.0,1464.0,1232.0,1007.0,1017.0,603.0,799.0,528.0,748.0,452.0,738.0,481.0,705.0,549.0,308.0,843.0,452.0,473.0,542.0,677.0,1139.0,1028.0,969.0,1475.0,678.0,1456.0,699.0,1139.0,1133.0,1508.0,977.0,894.0,1714.0,2106.0,670.0,1021.0
28669A3D,2497.0,1251.0,1000.0,1496.0,907.0,1433.0,1064.0,1336.0,792.0,885.0,629.0,246.0,227.0,130.0,149.0,146.0,103.0,81.0,150.0,61.0,95.0,104.0,62.0,88.0,87.0,36.0,50.0,38.0,50.0,47.0,30.0,21.0,21.0,31.0,44.0,115.0,223.0,505.0,851.0,1127.0,1137.0,1094.0,669.0,1070.0,1087.0,1023.0,1672.0,667.0,606.0,1485.0,1109.0,1335.0
2F5DF476,19.0,3.0,5.0,8.0,6.0,0.0,8.0,12.0,136.0,55.0,239.0,493.0,4606.0,12538.0,26399.0,49251.0,63630.0,64500.0,54105.0,58907.0,42875.0,45951.0,106326.0,101904.0,85066.0,82174.0,845.0,8736.0,5261.0,998.0,13909.0,5711.0,27879.0,35764.0,20145.0,3315.0,1338.0,837.0,249.0,163.0,84.0,38.0,38.0,56.0,22.0,17.0,17.0,2.0,1.0,5.0,0.0,5.0
32DCEC14,4219.0,3914.0,3282.0,7482.0,4196.0,4005.0,1710.0,3356.0,3549.0,2765.0,3284.0,3608.0,3767.0,3830.0,4743.0,3608.0,6724.0,1514.0,1126.0,192.0,971.0,2573.0,428.0,3325.0,346.0,4787.0,198.0,183.0,576.0,296.0,304.0,2481.0,3351.0,926.0,7453.0,3721.0,10479.0,4265.0,2012.0,16828.0,6329.0,10840.0,4203.0,4534.0,4615.0,4324.0,2547.0,2302.0,3109.0,4652.0,5008.0,7572.0
3558066B,986.0,678.0,480.0,769.0,440.0,458.0,334.0,432.0,384.0,350.0,439.0,361.0,343.0,386.0,309.0,422.0,361.0,321.0,169.0,176.0,222.0,217.0,182.0,161.0,152.0,167.0,223.0,243.0,255.0,233.0,361.0,447.0,518.0,663.0,592.0,756.0,784.0,1016.0,654.0,744.0,589.0,696.0,540.0,635.0,633.0,748.0,719.0,482.0,590.0,855.0,590.0,598.0
36171C2B,714.0,335.0,310.0,487.0,235.0,441.0,243.0,431.0,203.0,321.0,177.0,150.0,156.0,125.0,119.0,111.0,144.0,121.0,100.0,70.0,90.0,120.0,57.0,85.0,50.0,65.0,73.0,37.0,92.0,70.0,52.0,65.0,87.0,85.0,99.0,104.0,95.0,113.0,98.0,97.0,77.0,146.0,80.0,173.0,226.0,199.0,475.0,164.0,190.0,296.0,278.0,250.0
36B3872D,11144.0,8910.0,6349.0,9228.0,5609.0,5873.0,5931.0,7902.0,5407.0,6822.0,8495.0,7133.0,7868.0,9137.0,8537.0,10404.0,10678.0,8890.0,7715.0,4792.0,7215.0,6407.0,5115.0,4329.0,4550.0,3866.0,5097.0,3902.0,4354.0,3517.0,4950.0,5067.0,5692.0,6079.0,7016.0,9552.0,8609.0,10979.0,20058.0,15187.0,8766.0,8397.0,6069.0,6827.0,6316.0,7886.0,10176.0,7656.0,6478.0,8920.0,6954.0,9560.0
39F29B55,257093.0,165043.0,112625.0,511205.0,121606.0,704000.0,606477.0,543217.0,222466.0,356730.0,2036430.0,1246018.0,1021647.0,504547.0,1637900.0,3032920.0,3645386.0,4426470.0,4542133.0,3855381.0,2845458.0,4047383.0,8542231.0,8490358.0,7230820.0,6777327.0,6023132.0,7394535.0,3855029.0,2104071.0,2233366.0,997032.0,442958.0,177607.0,69558.0,97690.0,87875.0,33140.0,92371.0,46780.0,68701.0,15140.0,17121.0,86714.0,141202.0,807699.0,1942821.0,581238.0,59921.0,1559879.0,305122.0,4551424.0
3AC46C54,21042.0,30515.0,12236.0,22031.0,17908.0,11405.0,8649.0,10248.0,10996.0,8056.0,11584.0,7241.0,7431.0,8680.0,6726.0,13673.0,7368.0,8897.0,6957.0,7794.0,6650.0,8616.0,11683.0,12517.0,12093.0,10329.0,10974.0,13342.0,9593.0,9253.0,17124.0,21389.0,15046.0,20260.0,15927.0,20863.0,24250.0,16553.0,27321.0,20545.0,14993.0,10905.0,13872.0,11728.0,15281.0,19122.0,18357.0,10372.0,15420.0,22232.0,12581.0,15416.0
3EF081A8,546.0,418.0,262.0,362.0,236.0,375.0,206.0,305.0,487.0,578.0,521.0,335.0,176.0,91.0,116.0,186.0,127.0,175.0,121.0,129.0,126.0,88.0,175.0,115.0,197.0,81.0,242.0,118.0,167.0,118.0,189.0,212.0,136.0,198.0,223.0,309.0,199.0,228.0,183.0,269.0,166.0,260.0,96.0,172.0,209.0,202.0,250.0,228.0,240.0,289.0,290.0,280.0
3F9E1C51,0.0,0.0,0.0,1.0,0.0,0.0,0.0,0.0,0.0,0.0,0.0,0.0,0.0,0.0,34.0,1676.0,713.0,448.0,93.0,126.0,835.0,74.0,113.0,61.0,19.0,24.0,195.0,1631.0,10040.0,11651.0,22538.0,22682.0,21680.0,31672.0,85768.0,38337.0,13123.0,9868.0,13598.0,2095.0,6652.0,8545.0,3671.0,3188.0,1345.0,584.0,74.0,26.0,4.0,0.0,0.0,0.0
407E2CA8,5696.0,3250.0,1486.0,3502.0,2472.0,4976.0,2420.0,5349.0,2238.0,3249.0,2534.0,2362.0,1725.0,1745.0,1822.0,1328.0,828.0,681.0,656.0,520.0,560.0,429.0,646.0,439.0,569.0,483.0,490.0,523.0,494.0,410.0,533.0,526.0,481.0,666.0,596.0,601.0,622.0,710.0,646.0,653.0,653.0,961.0,1313.0,634.0,909.0,1321.0,1115.0,883.0,1653.0,3474.0,4191.0,3222.0
42393721,8298.0,7083.0,4670.0,7706.0,4980.0,4521.0,4415.0,6495.0,4068.0,4681.0,7177.0,5402.0,6154.0,6925.0,6496.0,7103.0,6366.0,6828.0,5433.0,4410.0,5726.0,5563.0,3563.0,3172.0,2973.0,2936.0,3267.0,3398.0,3343.0,3218.0,3991.0,4592.0,5535.0,5689.0,6149.0,7574.0,6923.0,7897.0,7331.0,7831.0,6548.0,5833.0,4720.0,5667.0,4828.0,5424.0,5195.0,3956.0,4496.0,9167.0,5965.0,8499.0
466E9077,207297.0,423592.0,116567.0,139855.0,53633.0,61725.0,46677.0,75370.0,32767.0,40461.0,67169.0,38949.0,76288.0,39899.0,52658.0,30584.0,2235.0,1450.0,363.0,54.0,137.0,103.0,119.0,71.0,14.0,8.0,126.0,130.0,304.0,62.0,32.0,45.0,32.0,169.0,11.0,53.0,264.0,1917.0,33008.0,41005.0,44966.0,140440.0,88687.0,167064.0,221852.0,124074.0,380323.0,112824.0,79125.0,90471.0,111668.0,69002.0
49D9148A,6465.0,3491.0,2834.0,4403.0,2779.0,2827.0,2416.0,3467.0,2233.0,2542.0,3325.0,1929.0,2512.0,2916.0,3002.0,3214.0,2721.0,2683.0,2880.0,2242.0,2871.0,2728.0,5154.0,2376.0,3053.0,3326.0,4420.0,3614.0,3709.0,3327.0,5109.0,5124.0,4446.0,4468.0,4890.0,8344.0,5107.0,6453.0,3917.0,3917.0,4160.0,4688.0,3034.0,3746.0,3776.0,4247.0,4802.0,3325.0,2765.0,4378.0,3703.0,3853.0
4A5B4883,26446.0,14257.0,10129.0,14613.0,7980.0,12405.0,8155.0,10758.0,6356.0,7586.0,5683.0,4160.0,3007.0,2946.0,3272.0,1956.0,2395.0,2016.0,2222.0,825.0,1400.0,1891.0,1299.0,1768.0,1156.0,1017.0,756.0,600.0,644.0,428.0,393.0,365.0,309.0,435.0,283.0,417.0,428.0,735.0,1587.0,2661.0,5373.0,5798.0,3885.0,6481.0,6107.0,8005.0,13269.0,6493.0,5098.0,12685.0,10303.0,12142.0
526A3692,12.0,1.0,1.0,1.0,4.0,1.0,0.0,3.0,6.0,4.0,9.0,34.0,246.0,363.0,428.0,629.0,478.0,495.0,477.0,442.0,601.0,468.0,434.0,378.0,316.0,414.0,436.0,541.0,469.0,426.0,424.0,436.0,515.0,311.0,294.0,249.0,54.0,25.0,9.0,5.0,10.0,4.0,1.0,0.0,0.0,0.0,0.0,0.0,1.0,1.0,4.0,3.0
5284C27B,5773.0,4257.0,4962.0,8003.0,2959.0,5978.0,6170.0,9549.0,2127.0,5732.0,1884.0,1770.0,4337.0,940.0,605.0,784.0,411.0,590.0,246.0,223.0,99.0,149.0,127.0,318.0,316.0,873.0,900.0,2147.0,2315.0,2184.0,7803.0,3291.0,7283.0,8544.0,4069.0,4347.0,2701.0,6739.0,3129.0,5510.0,4400.0,4411.0,2180.0,3453.0,4776.0,4727.0,3814.0,1891.0,2196.0,4312.0,2482.0,4735.0
52F63879,377.0,233.0,171.0,301.0,187.0,186.0,159.0,215.0,139.0,154.0,222.0,117.0,76.0,54.0,75.0,122.0,144.0,187.0,138.0,102.0,134.0,208.0,274.0,529.0,362.0,363.0,355.0,232.0,222.0,162.0,95.0,83.0,81.0,67.0,63.0,99.0,70.0,98.0,110.0,258.0,220.0,230.0,277.0,291.0,249.0,253.0,279.0,139.0,140.0,530.0,264.0,322.0
536A5157,7208.0,5040.0,3887.0,6324.0,3296.0,4235.0,3040.0,4654.0,2189.0,2867.0,3534.0,2676.0,3011.0,2612.0,2863.0,2612.0,2880.0,2486.0,2137.0,1334.0,2105.0,2143.0,1615.0,1327.0,1231.0,1024.0,1176.0,1110.0,1230.0,1004.0,899.0,829.0,1419.0,1186.0,1690.0,2102.0,2715.0,2896.0,3633.0,3839.0,3434.0,3155.0,3014.0,3796.0,3311.0,3761.0,5882.0,2501.0,2337.0,4697.0,4033.0,4563.0
538A9CA7,1542.0,1677.0,1409.0,1855.0,863.0,938.0,890.0,747.0,517.0,578.0,703.0,524.0,905.0,943.0,782.0,663.0,596.0,574.0,551.0,579.0,577.0,516.0,472.0,411.0,709.0,497.0,366.0,475.0,537.0,868.0,810.0,1265.0,825.0,1051.0,1413.0,2528.0,1135.0,1514.0,1120.0,895.0,839.0,1518.0,643.0,812.0,731.0,890.0,1094.0,411.0,1808.0,1229.0,1072.0,1275.0
56036504,0.0,0.0,0.0,0.0,0.0,0.0,0.0,0.0,0.0,0.0,0.0,0.0,0.0,0.0,0.0,0.0,0.0,0.0,0.0,0.0,0.0,0.0,0.0,0.0,0.0,0.0,0.0,0.0,0.0,0.0,0.0,0.0,0.0,0.0,0.0,0.0,0.0,0.0,0.0,0.0,2.0,0.0,0.0,0.0,0.0,0.0,0.0,0.0,0.0,0.0,0.0,1.0
56CCA717,137093.0,78776.0,84691.0,83703.0,37539.0,33240.0,29230.0,20369.0,7509.0,10991.0,7758.0,3628.0,3930.0,2651.0,1034.0,926.0,1987.0,812.0,470.0,220.0,360.0,450.0,566.0,815.0,336.0,383.0,279.0,544.0,501.0,125.0,371.0,450.0,3013.0,4590.0,5245.0,5501.0,6771.0,7483.0,12227.0,3737.0,13382.0,61128.0,37839.0,59552.0,61608.0,87243.0,83429.0,60402.0,63133.0,91692.0,129867.0,71766.0
575A3E3B,52084.0,20839.0,14345.0,63617.0,97866.0,51816.0,59968.0,67700.0,37096.0,47778.0,101833.0,135711.0,128399.0,61953.0,163892.0,260057.0,267114.0,157393.0,228314.0,201621.0,137236.0,231112.0,503330.0,485749.0,406840.0,392207.0,333264.0,461030.0,351890.0,267275.0,376268.0,403163.0,413743.0,460790.0,229812.0,166658.0,252070.0,163693.0,211223.0,124222.0,146607.0,117386.0,70473.0,82071.0,84718.0,82554.0,98550.0,46039.0,57035.0,69214.0,129962.0,148799.0
58C502EA,65.0,33.0,32.0,40.0,5.0,21.0,27.0,84.0,147.0,1084.0,1310.0,2132.0,2854.0,3720.0,6830.0,6710.0,7281.0,7538.0,5343.0,4633.0,5596.0,5697.0,6041.0,4972.0,4543.0,4399.0,6042.0,4900.0,5993.0,6597.0,10304.0,8528.0,6896.0,7359.0,9530.0,10610.0,8118.0,7646.0,2596.0,1421.0,683.0,155.0,34.0,14.0,2.0,3.0,1.0,5.0,4.0,158.0,120.0,84.0
5CBA3391,1711.0,1457.0,518.0,1201.0,630.0,1182.0,936.0,943.0,603.0,1282.0,750.0,688.0,800.0,873.0,1136.0,1020.0,894.0,1152.0,756.0,657.0,830.0,733.0,629.0,578.0,434.0,576.0,629.0,382.0,781.0,864.0,655.0,757.0,644.0,675.0,592.0,899.0,703.0,535.0,705.0,544.0,415.0,648.0,459.0,1293.0,759.0,890.0,1227.0,692.0,448.0,491.0,652.0,277.0
5F8E7CA8,258.0,145.0,147.0,273.0,90.0,216.0,150.0,181.0,133.0,111.0,165.0,99.0,134.0,152.0,107.0,141.0,200.0,109.0,118.0,49.0,91.0,101.0,69.0,49.0,80.0,67.0,42.0,49.0,52.0,32.0,26.0,20.0,76.0,57.0,71.0,98.0,54.0,87.0,123.0,121.0,125.0,212.0,80.0,102.0,100.0,120.0,139.0,113.0,127.0,189.0,174.0,123.0
603194D3,1826.0,1811.0,1374.0,2346.0,1536.0,1476.0,1262.0,2076.0,1256.0,1581.0,2437.0,2262.0,2609.0,3101.0,3105.0,3303.0,3541.0,3636.0,3125.0,2257.0,2861.0,2970.0,2138.0,2074.0,1644.0,1550.0,1744.0,1784.0,1650.0,1493.0,1506.0,1435.0,1539.0,1568.0,2072.0,2366.0,2343.0,3054.0,2610.0,2536.0,2221.0,1882.0,1617.0,1782.0,1641.0,1870.0,1514.0,947.0,1484.0,2694.0,1648.0,1766.0
60E6081E,1410.0,1086.0,590.0,863.0,626.0,928.0,493.0,623.0,458.0,526.0,479.0,571.0,435.0,194.0,129.0,51.0,39.0,14.0,55.0,10.0,6.0,9.0,2.0,8.0,6.0,23.0,12.0,4.0,4.0,4.0,4.0,7.0,4.0,9.0,2.0,25.0,24.0,7.0,22.0,35.0,17.0,24.0,113.0,639.0,1113.0,1819.0,1235.0,819.0,675.0,1289.0,1191.0,1172.0
624078BA,23705.0,9800.0,5681.0,24726.0,29722.0,12385.0,17684.0,26847.0,21108.0,10761.0,11625.0,12453.0,8168.0,6190.0,8106.0,5140.0,6614.0,3730.0,4156.0,1820.0,1127.0,820.0,935.0,407.0,416.0,389.0,1242.0,480.0,433.0,262.0,427.0,1562.0,727.0,1108.0,1660.0,1267.0,1894.0,1500.0,1666.0,3056.0,8163.0,13756.0,36888.0,46095.0,72810.0,37046.0,58166.0,22700.0,36252.0,46433.0,13508.0,30846.0
68EA281A,21057.0,10411.0,4864.0,11198.0,7813.0,7541.0,5014.0,5695.0,4460.0,3725.0,2942.0,1822.0,1558.0,1003.0,563.0,190.0,64.0,75.0,26.0,16.0,26.0,35.0,16.0,7.0,6.0,23.0,10.0,15.0,36.0,29.0,9.0,18.0,13.0,6.0,9.0,38.0,12.0,24.0,17.0,24.0,37.0,23.0,13.0,389.0,3553.0,5861.0,7069.0,6062.0,10687.0,8300.0,7843.0,10429.0
6996D540,1601.0,647.0,1258.0,176.0,956.0,126.0,647.0,268.0,101.0,211.0,97.0,173.0,102.0,157.0,214.0,184.0,104.0,42.0,44.0,113.0,409.0,254.0,955.0,676.0,1447.0,4720.0,11824.0,10078.0,11299.0,13517.0,19530.0,18239.0,20530.0,18986.0,98287.0,47706.0,25321.0,22161.0,32207.0,18839.0,36901.0,45798.0,55625.0,51392.0,24859.0,51783.0,64913.0,25153.0,22459.0,12736.0,2439.0,2615.0
6BB94D7E,14058.0,10429.0,3397.0,5833.0,3302.0,3232.0,2608.0,2457.0,1714.0,1448.0,2931.0,1883.0,1476.0,1822.0,808.0,1155.0,1249.0,2180.0,2038.0,1122.0,972.0,1613.0,1361.0,1015.0,931.0,738.0,935.0,736.0,703.0,625.0,659.0,917.0,605.0,629.0,837.0,1336.0,643.0,1035.0,827.0,1054.0,960.0,1144.0,805.0,1774.0,1872.0,2275.0,2778.0,4087.0,2690.0,5293.0,6483.0,7111.0
6C74415D,31.0,22.0,14.0,23.0,9.0,5.0,7.0,8.0,3.0,8.0,31.0,16.0,28.0,29.0,28.0,71.0,151.0,179.0,180.0,132.0,152.0,276.0,340.0,506.0,434.0,362.0,248.0,286.0,176.0,227.0,159.0,131.0,118.0,78.0,156.0,195.0,111.0,122.0,78.0,64.0,76.0,88.0,195.0,62.0,97.0,77.0,33.0,25.0,8.0,21.0,31.0,24.0
6EB81C98,3151.0,2137.0,1204.0,2708.0,1284.0,1543.0,2324.0,1969.0,1257.0,1637.0,2656.0,1549.0,1406.0,1499.0,2925.0,2517.0,1242.0,393.0,186.0,172.0,80.0,69.0,129.0,64.0,85.0,189.0,1126.0,1152.0,3688.0,2650.0,2660.0,3056.0,2522.0,3162.0,4409.0,5808.0,3439.0,3625.0,3387.0,3274.0,4067.0,3581.0,3388.0,3177.0,3350.0,2983.0,3187.0,1811.0,2206.0,2737.0,2199.0,1881.0
75DC49AD,1039.0,346.0,431.0,222.0,432.0,1827.0,946.0,615.0,1533.0,6378.0,4189.0,3024.0,7380.0,5488.0,6115.0,6232.0,6443.0,6702.0,5804.0,5269.0,4578.0,4474.0,4118.0,3678.0,3250.0,3931.0,3706.0,3510.0,3392.0,3287.0,3027.0,3104.0,1919.0,5281.0,3850.0,8429.0,4860.0,4471.0,8237.0,17191.0,5389.0,942.0,285.0,95.0,16.0,6.0,31.0,102.0,22.0,99.0,134.0,186.0
78509A5D,1425.0,1527.0,1906.0,1550.0,926.0,1660.0,656.0,570.0,720.0,562.0,818.0,578.0,635.0,630.0,769.0,732.0,863.0,540.0,616.0,285.0,340.0,283.0,214.0,230.0,192.0,300.0,342.0,185.0,505.0,147.0,275.0,277.0,443.0,195.0,440.0,512.0,395.0,545.0,416.0,501.0,382.0,434.0,444.0,266.0,416.0,562.0,719.0,419.0,349.0,1923.0,1368.0,997.0
787E0536,2230.0,1524.0,1307.0,2408.0,2239.0,2420.0,1501.0,3140.0,2755.0,3414.0,3494.0,2988.0,2762.0,2969.0,1980.0,3287.0,3473.0,2698.0,2023.0,1844.0,1964.0,2251.0,2034.0,2624.0,2049.0,1408.0,1395.0,942.0,693.0,423.0,461.0,509.0,432.0,615.0,742.0,1059.0,1200.0,1340.0,1310.0,1147.0,1542.0,1542.0,1127.0,1899.0,1894.0,1895.0,1704.0,1123.0,976.0,1600.0,1282.0,1459.0
7E022378,859.0,776.0,415.0,577.0,345.0,943.0,511.0,627.0,596.0,420.0,454.0,504.0,420.0,588.0,996.0,897.0,950.0,632.0,367.0,285.0,200.0,196.0,201.0,234.0,271.0,99.0,173.0,206.0,130.0,183.0,358.0,405.0,188.0,305.0,348.0,381.0,332.0,403.0,347.0,660.0,777.0,766.0,808.0,1026.0,1007.0,1403.0,897.0,755.0,547.0,744.0,278.0,505.0
7E327303,5561.0,4808.0,2838.0,5503.0,2527.0,3050.0,2718.0,5080.0,2511.0,2788.0,4979.0,4955.0,5604.0,6091.0,6903.0,6497.0,7689.0,6113.0,5291.0,3288.0,4280.0,4437.0,3125.0,2644.0,2534.0,2923.0,3053.0,2802.0,3150.0,2386.0,3188.0,2913.0,3133.0,3161.0,3515.0,4964.0,4210.0,6001.0,4004.0,5313.0,4280.0,5056.0,3243.0,4442.0,4170.0,4998.0,5436.0,2239.0,3232.0,7644.0,5211.0,5977.0
7E65A952,0.0,0.0,0.0,0.0,0.0,0.0,2.0,0.0,0.0,1.0,5.0,88.0,340.0,979.0,1205.0,2176.0,2836.0,2399.0,2318.0,1280.0,1719.0,1596.0,1282.0,1009.0,958.0,813.0,711.0,545.0,550.0,333.0,303.0,315.0,210.0,247.0,129.0,59.0,14.0,17.0,8.0,0.0,5.0,0.0,0.0,1.0,5.0,1.0,0.0,0.0,0.0,7.0,0.0,2.0
7EFF698D,2340.0,1662.0,1177.0,1714.0,1180.0,1103.0,1119.0,1411.0,1285.0,1473.0,2255.0,2084.0,2072.0,2195.0,1962.0,2259.0,2188.0,2468.0,2154.0,1947.0,2331.0,2321.0,1904.0,1624.0,1578.0,1605.0,1761.0,1693.0,1590.0,1366.0,1255.0,1316.0,1409.0,993.0,1389.0,1153.0,1185.0,1337.0,1180.0,1519.0,1792.0,1686.0,1231.0,1483.0,1455.0,1470.0,1612.0,1033.0,1167.0,1911.0,1597.0,1671.0
7FCE8A43,47045.0,38406.0,24819.0,35696.0,23468.0,28354.0,30256.0,76586.0,26434.0,38787.0,17562.0,17639.0,17547.0,12817.0,29768.0,21315.0,17544.0,21713.0,13725.0,29870.0,13986.0,40648.0,19110.0,19504.0,25949.0,19833.0,32722.0,20014.0,27583.0,33808.0,28983.0,30301.0,38204.0,40813.0,60671.0,62915.0,63820.0,57921.0,59736.0,52312.0,114554.0,61102.0,55712.0,34626.0,34892.0,53594.0,69995.0,57587.0,84214.0,59420.0,41520.0,68393.0
824361E5,11.0,5.0,7.0,11.0,9.0,1.0,1.0,0.0,0.0,0.0,2.0,11.0,60.0,457.0,1119.0,2306.0,3278.0,4662.0,3937.0,2501.0,3126.0,3311.0,2254.0,2200.0,1723.0,1364.0,1448.0,1152.0,1087.0,730.0,803.0,804.0,742.0,575.0,367.0,253.0,145.0,99.0,61.0,25.0,7.0,4.0,0.0,6.0,2.0,0.0,2.0,1.0,0.0,0.0,4.0,3.0
85625D75,40167.0,32623.0,26824.0,34822.0,22944.0,23641.0,16713.0,18810.0,13818.0,15731.0,14374.0,12920.0,12609.0,12781.0,12544.0,16185.0,15861.0,17156.0,15399.0,12526.0,12084.0,14835.0,11610.0,12322.0,11961.0,15320.0,19645.0,13395.0,24765.0,15269.0,16348.0,22805.0,23732.0,29748.0,29819.0,46288.0,28980.0,31122.0,29643.0,29261.0,23219.0,30397.0,20356.0,24327.0,21397.0,28857.0,22606.0,20774.0,27848.0,45117.0,31090.0,26683.0
8601A467,47046.0,23836.0,16692.0,25883.0,16574.0,22278.0,17946.0,21716.0,12117.0,14692.0,16196.0,14166.0,12398.0,12645.0,10178.0,7691.0,2461.0,1260.0,1220.0,1107.0,1359.0,1507.0,1661.0,1462.0,1402.0,1440.0,1043.0,1504.0,1683.0,1480.0,1618.0,1537.0,1358.0,2004.0,1993.0,2339.0,4183.0,9476.0,16794.0,19857.0,23011.0,22947.0,16457.0,20273.0,22912.0,26628.0,24189.0,21466.0,17747.0,34469.0,28429.0,35058.0
866903B9,6153.0,1569.0,983.0,3673.0,1168.0,1700.0,1357.0,2823.0,1103.0,2659.0,2337.0,1974.0,2497.0,3071.0,2484.0,2782.0,2959.0,790.0,1551.0,702.0,3275.0,3589.0,2592.0,5376.0,4967.0,5366.0,7944.0,8750.0,8603.0,4137.0,5727.0,7592.0,10695.0,5914.0,5604.0,16445.0,7743.0,8554.0,8180.0,11893.0,7420.0,7012.0,6167.0,5269.0,3301.0,5397.0,5215.0,2381.0,3554.0,7059.0,4086.0,5293.0
89431E9F,26805.0,22552.0,14762.0,19481.0,13414.0,26103.0,15520.0,14646.0,10189.0,9853.0,12348.0,10211.0,11825.0,12597.0,10832.0,12260.0,12718.0,13151.0,12066.0,9874.0,11781.0,11390.0,9612.0,9037.0,8843.0,7909.0,9032.0,10055.0,10494.0,9869.0,11226.0,12160.0,12808.0,15399.0,14008.0,18021.0,16679.0,15513.0,14813.0,13793.0,12725.0,15072.0,9407.0,11039.0,12222.0,12467.0,20525.0,9553.0,13274.0,28805.0,18117.0,20380.0
8EB0C1FA,31090.0,28698.0,13768.0,31366.0,25514.0,18948.0,18442.0,30631.0,8378.0,13179.0,14120.0,12458.0,8936.0,9256.0,5388.0,5116.0,5812.0,8266.0,4923.0,3147.0,3033.0,2864.0,6712.0,6982.0,4608.0,3581.0,9740.0,11317.0,14754.0,18814.0,54022.0,18134.0,34161.0,36354.0,20775.0,23274.0,9754.0,27924.0,15650.0,19549.0,18400.0,30170.0,15045.0,21538.0,15180.0,23980.0,27704.0,14586.0,14763.0,31925.0,16047.0,26020.0
8F268682,14955.0,4790.0,4183.0,6140.0,3106.0,3910.0,2651.0,3712.0,2134.0,6626.0,2365.0,1912.0,1014.0,1749.0,1476.0,531.0,422.0,138.0,12.0,2.0,1.0,8.0,0.0,0.0,13.0,8.0,0.0,2.0,13.0,7.0,2.0,3.0,8.0,15.0,9.0,20.0,422.0,687.0,832.0,1674.0,5037.0,7739.0,4319.0,5481.0,7611.0,6994.0,7561.0,3518.0,3949.0,5222.0,4332.0,3882.0
9437D635,9041.0,11843.0,10809.0,7251.0,9731.0,10584.0,10535.0,8550.0,10604.0,9326.0,7249.0,9275.0,11474.0,15525.0,11535.0,15035.0,18403.0,16490.0,14824.0,8967.0,7754.0,3413.0,866.0,351.0,371.0,143.0,565.0,268.0,132.0,254.0,451.0,508.0,807.0,1070.0,3455.0,5293.0,6532.0,7394.0,12319.0,10662.0,11343.0,12840.0,10389.0,7459.0,8336.0,8887.0,7246.0,4873.0,8520.0,10500.0,8491.0,7141.0
94A44032,413085.0,72883.0,37025.0,53406.0,34580.0,38465.0,31843.0,68358.0,24774.0,19169.0,19077.0,14885.0,14825.0,15689.0,13156.0,14448.0,14578.0,13174.0,12236.0,9318.0,9636.0,11168.0,9257.0,9535.0,11819.0,8323.0,8369.0,8579.0,12053.0,12186.0,14564.0,14296.0,16654.0,20423.0,18271.0,32566.0,30787.0,28745.0,25652.0,30812.0,22344.0,29809.0,21505.0,37744.0,73339.0,55323.0,170128.0,51564.0,37113.0,74707.0,52066.0,127038.0
95E28A57,2013.0,1317.0,731.0,2269.0,491.0,1000.0,922.0,3478.0,446.0,1057.0,355.0,954.0,1165.0,865.0,622.0,3704.0,5224.0,3335.0,292.0,61.0,67.0,79.0,120.0,71.0,10.0,68.0,75.0,245.0,1257.0,2189.0,2381.0,2578.0,2988.0,3843.0,3934.0,4337.0,1217.0,1572.0,1388.0,806.0,1230.0,677.0,853.0,1049.0,850.0,890.0,468.0,1264.0,539.0,1510.0,168.0,325.0
989B57D8,968.0,742.0,494.0,1075.0,473.0,494.0,484.0,1272.0,692.0,683.0,1445.0,1221.0,1398.0,1814.0,2234.0,2890.0,2550.0,2330.0,2021.0,1294.0,1693.0,2060.0,1619.0,1489.0,1429.0,1572.0,1488.0,1177.0,1375.0,1251.0,1334.0,1243.0,1371.0,1249.0,1611.0,1605.0,1584.0,2004.0,1509.0,1582.0,1538.0,1570.0,1266.0,940.0,1202.0,1369.0,1178.0,576.0,639.0,2646.0,647.0,1428.0
9A8E55D0,6614.0,3803.0,2641.0,4435.0,2479.0,2777.0,2097.0,2762.0,1843.0,1946.0,2139.0,1644.0,1487.0,1324.0,1087.0,992.0,1084.0,964.0,771.0,758.0,817.0,1082.0,771.0,722.0,939.0,671.0,1337.0,1065.0,1353.0,1237.0,1835.0,2143.0,2083.0,1841.0,2995.0,3143.0,2745.0,3576.0,3478.0,3436.0,3377.0,3525.0,3032.0,3797.0,4096.0,4685.0,4459.0,3124.0,3515.0,4895.0,3657.0,4084.0
9C5ED06A,3811.0,2863.0,2719.0,3320.0,3116.0,2037.0,3086.0,2900.0,1711.0,3181.0,3015.0,2728.0,3104.0,3001.0,2561.0,2298.0,2525.0,2334.0,1785.0,1622.0,1388.0,1405.0,1216.0,1120.0,897.0,935.0,1571.0,994.0,1046.0,1157.0,1590.0,1307.0,1341.0,1219.0,1596.0,2238.0,2347.0,2811.0,2528.0,2872.0,2362.0,2718.0,2073.0,2237.0,2115.0,2189.0,2424.0,2348.0,2169.0,4359.0,3724.0,3911.0
A091D50A,2609.0,1617.0,1177.0,1919.0,1144.0,1837.0,1388.0,1685.0,905.0,1238.0,1239.0,777.0,817.0,732.0,565.0,709.0,487.0,354.0,259.0,163.0,259.0,356.0,297.0,243.0,219.0,112.0,176.0,151.0,225.0,182.0,263.0,206.0,224.0,243.0,302.0,457.0,481.0,531.0,641.0,805.0,1048.0,1226.0,1190.0,1359.0,1599.0,1809.0,2302.0,1269.0,927.0,1577.0,1461.0,1578.0
A47B0BD4,35114.0,30579.0,13177.0,29893.0,11958.0,21914.0,15931.0,30590.0,8476.0,16565.0,9515.0,10030.0,7730.0,16757.0,12057.0,41050.0,28793.0,4472.0,344.0,8.0,34.0,11.0,19.0,4.0,16.0,486.0,2975.0,9871.0,22587.0,20558.0,15614.0,40408.0,37675.0,62236.0,30610.0,65207.0,26187.0,31915.0,24851.0,30032.0,34907.0,35624.0,28433.0,33265.0,38185.0,34793.0,44087.0,21952.0,21548.0,25144.0,13549.0,23967.0
A5F09E05,6283.0,4320.0,3273.0,4722.0,3117.0,3044.0,2929.0,5515.0,3222.0,3666.0,5129.0,4516.0,5704.0,6204.0,5594.0,6447.0,7055.0,7183.0,5958.0,5409.0,6667.0,6955.0,5962.0,5800.0,5726.0,4572.0,4827.0,4530.0,3702.0,3358.0,3148.0,2956.0,2755.0,3542.0,4615.0,6360.0,6098.0,7530.0,6297.0,6115.0,5360.0,5528.0,3823.0,4593.0,3989.0,4624.0,4080.0,3711.0,3554.0,7760.0,4080.0,5513.0
AA7901D8,4878.0,3487.0,2358.0,4167.0,2939.0,2751.0,2260.0,3470.0,1818.0,2665.0,2865.0,2075.0,2068.0,2546.0,2074.0,1985.0,1747.0,1630.0,1992.0,1377.0,1682.0,2549.0,2164.0,2008.0,1683.0,1215.0,2205.0,3348.0,4285.0,3902.0,5295.0,5569.0,4646.0,4957.0,4635.0,9076.0,4251.0,3863.0,3560.0,3720.0,3709.0,4085.0,3355.0,3701.0,3281.0,3302.0,3655.0,3027.0,2502.0,3337.0,2190.0,3122.0
AC2B812A,5335.0,5241.0,3229.0,5640.0,2854.0,3842.0,3792.0,4689.0,3093.0,3106.0,4063.0,3328.0,3595.0,3095.0,3035.0,3244.0,3405.0,2877.0,2494.0,1838.0,2306.0,2466.0,1881.0,1716.0,1589.0,1539.0,1535.0,1505.0,1679.0,1612.0,1667.0,1649.0,1823.0,1821.0,1901.0,2944.0,2602.0,3508.0,3170.0,3765.0,3417.0,3680.0,2778.0,3366.0,3437.0,4329.0,4096.0,2437.0,3220.0,6348.0,4484.0,6032.0
AF49F890,2281.0,747.0,470.0,715.0,497.0,480.0,484.0,608.0,354.0,496.0,517.0,464.0,514.0,618.0,532.0,489.0,128.0,80.0,57.0,15.0,65.0,152.0,191.0,159.0,200.0,229.0,279.0,201.0,160.0,155.0,119.0,128.0,28.0,19.0,40.0,94.0,308.0,899.0,1083.0,1249.0,1487.0,1355.0,862.0,1122.0,1234.0,1252.0,1282.0,842.0,1006.0,1360.0,1566.0,1160.0
B01E8BD4,1972.0,1141.0,614.0,1168.0,727.0,939.0,831.0,1585.0,684.0,942.0,919.0,872.0,724.0,724.0,518.0,373.0,190.0,155.0,136.0,104.0,140.0,185.0,286.0,503.0,249.0,404.0,411.0,294.0,226.0,190.0,54.0,18.0,28.0,22.0,17.0,22.0,39.0,277.0,715.0,1101.0,1539.0,2059.0,1718.0,2523.0,2239.0,2516.0,2137.0,1619.0,1584.0,3343.0,1847.0,2232.0
B182DED2,8568.0,5746.0,3979.0,6818.0,4212.0,4384.0,3875.0,5694.0,3871.0,4314.0,4990.0,4072.0,4118.0,4030.0,3778.0,4230.0,3800.0,4165.0,3410.0,2901.0,3612.0,3759.0,2753.0,2717.0,2539.0,2758.0,2926.0,3065.0,3198.0,2859.0,3192.0,3563.0,3376.0,3676.0,4534.0,5649.0,5930.0,7623.0,6876.0,7156.0,5989.0,6356.0,4867.0,6028.0,6153.0,6568.0,6723.0,4328.0,4897.0,7907.0,5496.0,6955.0
B4EE123D,657.0,520.0,407.0,438.0,487.0,327.0,559.0,930.0,1041.0,785.0,967.0,1174.0,1340.0,1478.0,1340.0,1204.0,1225.0,981.0,936.0,846.0,1045.0,1200.0,963.0,955.0,901.0,590.0,844.0,527.0,666.0,379.0,450.0,291.0,223.0,267.0,265.0,275.0,244.0,395.0,404.0,474.0,520.0,665.0,601.0,509.0,465.0,512.0,408.0,243.0,302.0,1007.0,492.0,614.0
B59E1863,65129.0,38188.0,27375.0,39547.0,28208.0,25667.0,22886.0,29070.0,22246.0,24185.0,23608.0,19846.0,14186.0,14819.0,13944.0,14196.0,14925.0,20598.0,18353.0,13895.0,20902.0,22894.0,24636.0,15995.0,23864.0,18807.0,20420.0,20458.0,15612.0,14877.0,19709.0,19264.0,20237.0,22038.0,25191.0,35375.0,34379.0,34002.0,30692.0,36007.0,34234.0,40623.0,34284.0,26332.0,37723.0,36530.0,44170.0,24113.0,30647.0,49785.0,35861.0,44174.0
B745D852,4567.0,3941.0,2560.0,3408.0,2815.0,2974.0,2745.0,3764.0,2296.0,2666.0,3521.0,3419.0,3779.0,3916.0,3820.0,4112.0,4567.0,4274.0,4065.0,3395.0,3739.0,3727.0,3103.0,2662.0,2634.0,2702.0,2923.0,3044.0,3123.0,2591.0,2696.0,2803.0,2730.0,3090.0,3208.0,4077.0,3596.0,4486.0,4140.0,4466.0,3875.0,3676.0,2541.0,2878.0,2870.0,3087.0,2696.0,2302.0,2598.0,5380.0,3226.0,4095.0
B9B272F4,10807.0,6510.0,6038.0,8884.0,5107.0,6364.0,7044.0,7674.0,4188.0,4860.0,6628.0,5676.0,6441.0,6781.0,7606.0,7059.0,7600.0,6115.0,5864.0,3985.0,5378.0,5151.0,4442.0,5488.0,3759.0,3095.0,3398.0,3071.0,2881.0,3086.0,3771.0,3854.0,3332.0,3923.0,4222.0,5679.0,4935.0,6642.0,5990.0,6807.0,6816.0,7135.0,6540.0,5966.0,7966.0,7269.0,8648.0,4960.0,3811.0,11254.0,8483.0,8339.0
B9EE9676,212.0,169.0,149.0,245.0,127.0,112.0,147.0,190.0,119.0,91.0,133.0,98.0,73.0,20.0,27.0,35.0,42.0,54.0,20.0,18.0,17.0,33.0,39.0,50.0,53.0,22.0,36.0,26.0,9.0,32.0,41.0,36.0,14.0,27.0,23.0,42.0,5.0,19.0,38.0,64.0,89.0,202.0,142.0,113.0,105.0,100.0,123.0,29.0,37.0,63.0,68.0,86.0
BA4C8A02,1545.0,516.0,298.0,554.0,375.0,266.0,250.0,604.0,284.0,412.0,723.0,724.0,826.0,1432.0,1028.0,1508.0,1342.0,1350.0,969.0,1112.0,1016.0,1182.0,1087.0,875.0,914.0,722.0,884.0,634.0,597.0,510.0,599.0,561.0,621.0,828.0,1179.0,1541.0,1596.0,1936.0,1761.0,1404.0,1110.0,869.0,615.0,695.0,770.0,720.0,626.0,456.0,461.0,747.0,533.0,647.0
BAC33609,384.0,355.0,347.0,431.0,286.0,221.0,259.0,397.0,239.0,355.0,424.0,440.0,473.0,522.0,515.0,644.0,533.0,675.0,524.0,374.0,672.0,772.0,826.0,1174.0,794.0,768.0,856.0,654.0,791.0,839.0,813.0,632.0,657.0,653.0,652.0,908.0,659.0,816.0,786.0,654.0,486.0,602.0,503.0,463.0,476.0,469.0,357.0,230.0,250.0,565.0,364.0,383.0
BBA2F9DF,4616.0,2624.0,2894.0,3152.0,4873.0,6933.0,10144.0,9633.0,8899.0,22353.0,13628.0,13549.0,16736.0,15673.0,25125.0,17714.0,14612.0,10733.0,8973.0,7341.0,8109.0,7527.0,6470.0,5229.0,5400.0,5736.0,7209.0,7236.0,20358.0,33043.0,16408.0,19142.0,34466.0,28912.0,17644.0,13139.0,14432.0,8569.0,5726.0,15480.0,14212.0,4610.0,18972.0,3530.0,2156.0,443.0,1217.0,755.0,1361.0,789.0,1655.0,1178.0
BC06BC0D,17.0,13.0,10.0,15.0,13.0,180.0,44.0,21.0,81.0,9.0,48.0,323.0,536.0,1756.0,2151.0,3584.0,2852.0,3758.0,3985.0,2582.0,2344.0,2288.0,2096.0,2956.0,1972.0,1463.0,2393.0,3117.0,5808.0,4726.0,5019.0,3420.0,2316.0,2382.0,1837.0,1252.0,536.0,253.0,204.0,51.0,48.0,17.0,25.0,8.0,65.0,1.0,44.0,33.0,16.0,33.0,24.0,18.0
BCF9A19A,14560.0,6662.0,7513.0,6574.0,4966.0,4690.0,3775.0,4081.0,3825.0,3978.0,3714.0,2169.0,1670.0,1798.0,2055.0,2371.0,2693.0,2833.0,2244.0,1394.0,1869.0,1910.0,1778.0,1368.0,1485.0,1480.0,1684.0,2075.0,2303.0,2065.0,2742.0,2499.0,2223.0,2909.0,4367.0,5277.0,4159.0,4421.0,4651.0,4627.0,6518.0,5435.0,6433.0,7112.0,7287.0,5711.0,10413.0,4768.0,2631.0,2692.0,3283.0,4841.0
BD0914CB,1387.0,806.0,648.0,1055.0,618.0,612.0,666.0,1167.0,611.0,616.0,1034.0,1183.0,895.0,936.0,1112.0,1050.0,1149.0,988.0,781.0,726.0,930.0,1107.0,997.0,988.0,993.0,1239.0,1082.0,1028.0,1749.0,1184.0,1265.0,1254.0,1767.0,1897.0,1830.0,2695.0,2312.0,3044.0,2851.0,2940.0,2310.0,1665.0,2504.0,1828.0,1393.0,1584.0,1059.0,970.0,617.0,1701.0,792.0,1753.0
BD61BDEC,24646.0,14711.0,10782.0,14189.0,10362.0,12918.0,10533.0,13522.0,8803.0,11344.0,11649.0,11200.0,10169.0,11381.0,8730.0,8025.0,2995.0,484.0,80.0,17.0,2.0,4.0,3.0,3.0,0.0,1.0,1.0,0.0,0.0,0.0,0.0,0.0,0.0,0.0,1.0,0.0,190.0,1913.0,5557.0,9734.0,12883.0,11734.0,8988.0,11940.0,13528.0,14726.0,14138.0,11797.0,11346.0,21148.0,15799.0,19314.0
C235A4D7,41433.0,22992.0,20738.0,19013.0,12096.0,9024.0,6275.0,10521.0,4738.0,10406.0,11505.0,5349.0,3972.0,4335.0,5476.0,5056.0,6759.0,5091.0,4360.0,2524.0,2784.0,4929.0,2759.0,4304.0,2675.0,4514.0,2668.0,2680.0,1660.0,2189.0,2090.0,2893.0,1512.0,4129.0,2782.0,4914.0,6619.0,7179.0,7079.0,5658.0,6918.0,8956.0,10214.0,10562.0,11599.0,14880.0,18058.0,14102.0,10496.0,16940.0,27285.0,11409.0
C6E1197B,14337.0,7833.0,7064.0,7769.0,5909.0,4055.0,4790.0,7163.0,4454.0,3423.0,4487.0,2691.0,3826.0,3731.0,5476.0,5021.0,3963.0,7539.0,3798.0,3898.0,1866.0,3960.0,3150.0,3605.0,1129.0,1210.0,1068.0,825.0,1228.0,491.0,1461.0,1871.0,901.0,1435.0,1676.0,1759.0,2181.0,2712.0,4790.0,1652.0,11336.0,4936.0,2734.0,4436.0,6061.0,8753.0,2708.0,3369.0,3895.0,8681.0,3722.0,6266.0
C9ABA616,6075.0,2966.0,2479.0,2538.0,2562.0,1977.0,3064.0,2476.0,1907.0,1838.0,2041.0,1874.0,2133.0,3518.0,3365.0,5231.0,3907.0,3753.0,2361.0,1701.0,1727.0,2207.0,1803.0,1831.0,1562.0,1283.0,1277.0,2044.0,1575.0,1280.0,1367.0,1895.0,2315.0,1865.0,2175.0,2968.0,2958.0,3445.0,3805.0,3097.0,4286.0,3248.0,2832.0,3037.0,3406.0,4012.0,5772.0,3134.0,2652.0,4174.0,3062.0,3232.0
CAA5E106,1424.0,1022.0,776.0,1073.0,984.0,1200.0,989.0,934.0,704.0,703.0,585.0,477.0,456.0,482.0,385.0,372.0,360.0,336.0,222.0,232.0,276.0,313.0,259.0,195.0,226.0,197.0,376.0,225.0,231.0,272.0,339.0,232.0,282.0,272.0,326.0,432.0,465.0,503.0,585.0,552.0,660.0,864.0,582.0,729.0,825.0,981.0,1086.0,570.0,519.0,839.0,656.0,804.0
CB343E43,16978.0,11479.0,9538.0,10812.0,7482.0,5426.0,3754.0,7349.0,3049.0,3013.0,7795.0,4723.0,3734.0,5196.0,5517.0,21586.0,27433.0,74797.0,7692.0,212.0,8.0,25.0,0.0,1.0,6.0,6.0,170.0,732.0,14546.0,10685.0,14959.0,9305.0,8417.0,13544.0,8634.0,10303.0,5057.0,19304.0,17532.0,20703.0,49842.0,36393.0,7177.0,11610.0,16772.0,19539.0,20771.0,8166.0,8227.0,22058.0,13416.0,11151.0
D05FFEF7,1587.0,433.0,690.0,844.0,477.0,470.0,548.0,712.0,483.0,662.0,619.0,740.0,623.0,968.0,853.0,480.0,502.0,678.0,633.0,347.0,541.0,341.0,488.0,407.0,400.0,229.0,264.0,479.0,452.0,173.0,289.0,476.0,358.0,1012.0,306.0,454.0,278.0,287.0,259.0,322.0,465.0,319.0,370.0,468.0,368.0,565.0,1063.0,494.0,524.0,1685.0,415.0,866.0
D13B9122,1667.0,1324.0,784.0,1286.0,1153.0,1485.0,1122.0,1507.0,1501.0,1196.0,1249.0,1146.0,1724.0,1761.0,1163.0,4917.0,2366.0,5965.0,2663.0,1780.0,2640.0,5384.0,7009.0,4898.0,1737.0,2202.0,2985.0,2943.0,1948.0,1601.0,2241.0,2096.0,2053.0,1272.0,1632.0,2238.0,1869.0,1705.0,1850.0,2444.0,1825.0,2643.0,861.0,1685.0,2127.0,2546.0,1284.0,1306.0,854.0,1467.0,1072.0,699.0
D201EB72,87186.0,71604.0,43264.0,58519.0,29619.0,33809.0,31179.0,32040.0,26418.0,35965.0,15826.0,11673.0,11355.0,7053.0,10833.0,1860.0,2284.0,293.0,194.0,73.0,37.0,103.0,43.0,67.0,78.0,11.0,94.0,28.0,18.0,125.0,25.0,20.0,10.0,55.0,194.0,458.0,1933.0,4312.0,5179.0,9298.0,14104.0,27244.0,22436.0,24645.0,29910.0,31904.0,40295.0,118077.0,25855.0,52904.0,35586.0,36877.0
D3A260BC,721828.0,276451.0,186354.0,280344.0,111072.0,93874.0,145471.0,168924.0,83007.0,99935.0,1037260.0,107775.0,31542.0,58034.0,11920.0,2768.0,522.0,272.0,52.0,37.0,45.0,15.0,2.0,0.0,0.0,3.0,2.0,2.0,0.0,1.0,0.0,1.0,0.0,2.0,2.0,2.0,5.0,11.0,2.0,301.0,1324.0,20104.0,22717.0,95775.0,287311.0,258373.0,322235.0,305142.0,101091.0,109087.0,457376.0,179128.0
DE0971C1,410.0,205.0,200.0,305.0,203.0,127.0,103.0,223.0,178.0,166.0,210.0,297.0,310.0,239.0,742.0,561.0,498.0,764.0,932.0,462.0,949.0,1160.0,1645.0,2545.0,1588.0,1434.0,1943.0,1555.0,1499.0,1802.0,1629.0,1681.0,1620.0,1576.0,1292.0,1470.0,1721.0,962.0,1063.0,824.0,629.0,607.0,1217.0,402.0,592.0,477.0,337.0,187.0,178.0,243.0,527.0,297.0
DE473F42,25.0,3.0,0.0,2.0,6.0,4.0,3.0,12.0,9.0,78.0,138.0,226.0,508.0,600.0,881.0,1668.0,925.0,973.0,702.0,898.0,952.0,1137.0,856.0,476.0,447.0,418.0,263.0,316.0,470.0,2701.0,1620.0,957.0,568.0,116.0,166.0,189.0,242.0,292.0,292.0,83.0,40.0,10.0,4.0,3.0,2.0,1.0,2.0,1.0,1.0,1.0,1.0,2.0
E0A04985,0.0,0.0,0.0,0.0,0.0,0.0,0.0,0.0,0.0,0.0,0.0,0.0,3.0,120.0,660.0,2079.0,3693.0,3048.0,2884.0,1521.0,1793.0,2038.0,1201.0,1066.0,903.0,1034.0,1056.0,1012.0,968.0,511.0,500.0,314.0,168.0,85.0,56.0,36.0,13.0,6.0,0.0,8.0,2.0,1.0,12.0,0.0,0.0,0.0,0.0,0.0,0.0,0.0,0.0,0.0
E196D6F9,17284.0,14366.0,13105.0,22946.0,7928.0,8636.0,7820.0,39361.0,12394.0,30254.0,11839.0,2375.0,704.0,147.0,157.0,93.0,175.0,245.0,150.0,97.0,135.0,375.0,408.0,308.0,133.0,112.0,69.0,180.0,73.0,55.0,106.0,86.0,52.0,126.0,160.0,140.0,116.0,1336.0,9802.0,6193.0,18676.0,27822.0,8433.0,16724.0,19448.0,57584.0,61050.0,14384.0,11882.0,27930.0,14191.0,8050.0
E6F3BA54,0.0,0.0,0.0,0.0,0.0,0.0,0.0,0.0,0.0,0.0,0.0,0.0,2.0,30.0,385.0,1462.0,6191.0,19728.0,1713.0,992.0,2208.0,2619.0,331.0,6.0,3.0,57.0,27.0,101.0,261.0,459.0,5075.0,17314.0,19838.0,57484.0,34274.0,45670.0,26521.0,17364.0,7162.0,3110.0,368.0,106.0,4.0,0.0,0.0,0.0,0.0,0.0,0.0,0.0,0.0,0.0
E7A14E91,22872.0,12493.0,12436.0,25589.0,22894.0,8988.0,7873.0,12941.0,7511.0,5252.0,5629.0,6204.0,7139.0,9816.0,3893.0,2790.0,1362.0,648.0,414.0,338.0,421.0,670.0,1028.0,2679.0,2574.0,3316.0,6066.0,11143.0,9613.0,18602.0,16479.0,17568.0,11289.0,14402.0,17912.0,21168.0,16952.0,16034.0,12069.0,14953.0,12355.0,13262.0,15942.0,15979.0,16524.0,18889.0,15460.0,12347.0,8388.0,20143.0,8713.0,11582.0
EA4D6C0B,1721.0,1518.0,949.0,1537.0,1014.0,1124.0,1129.0,1558.0,902.0,1089.0,1425.0,1240.0,1169.0,1140.0,1105.0,1093.0,1079.0,971.0,889.0,697.0,851.0,819.0,594.0,490.0,450.0,548.0,589.0,635.0,565.0,472.0,449.0,464.0,482.0,481.0,632.0,883.0,957.0,1093.0,1141.0,1335.0,961.0,818.0,674.0,842.0,915.0,972.0,989.0,612.0,872.0,1460.0,1101.0,1379.0
EA5E858A,222179.0,36851.0,24628.0,42580.0,16198.0,19060.0,19573.0,35077.0,15425.0,28178.0,15153.0,11053.0,12029.0,11177.0,15523.0,8706.0,7877.0,7536.0,6945.0,4355.0,5665.0,6582.0,5583.0,8214.0,6333.0,5585.0,5037.0,5412.0,4987.0,12952.0,6232.0,7152.0,8748.0,10234.0,10294.0,13597.0,14128.0,14539.0,19826.0,18892.0,19260.0,21641.0,11530.0,21776.0,23553.0,23757.0,38862.0,25715.0,22126.0,41974.0,38190.0,52336.0
EB98812F,573.0,419.0,308.0,431.0,252.0,307.0,289.0,417.0,348.0,320.0,480.0,406.0,498.0,516.0,447.0,459.0,387.0,328.0,257.0,202.0,280.0,281.0,246.0,193.0,202.0,194.0,236.0,261.0,236.0,251.0,291.0,263.0,299.0,214.0,324.0,413.0,732.0,933.0,1523.0,2265.0,1384.0,766.0,711.0,514.0,444.0,425.0,513.0,338.0,366.0,600.0,418.0,462.0
ED4CE8E7,181515.0,150840.0,81609.0,130394.0,59913.0,69113.0,85082.0,85821.0,24099.0,62854.0,59489.0,75615.0,58172.0,26197.0,96404.0,19198.0,24023.0,3450.0,1265.0,468.0,763.0,832.0,755.0,465.0,363.0,251.0,244.0,214.0,228.0,297.0,415.0,1326.0,6705.0,9930.0,13226.0,43131.0,20735.0,50803.0,20766.0,31826.0,54019.0,58258.0,76352.0,56029.0,82830.0,84821.0,92798.0,87911.0,112535.0,92711.0,110474.0,72554.0
F012ED4B,1259.0,1202.0,504.0,1029.0,811.0,914.0,911.0,2065.0,364.0,279.0,499.0,422.0,237.0,199.0,187.0,140.0,128.0,152.0,108.0,37.0,60.0,59.0,94.0,48.0,59.0,86.0,71.0,159.0,230.0,529.0,585.0,679.0,889.0,563.0,597.0,752.0,785.0,974.0,666.0,396.0,831.0,3322.0,871.0,570.0,1019.0,367.0,521.0,704.0,177.0,2235.0,519.0,896.0
F59AB6B3,7199.0,4266.0,2998.0,281.0,639.0,352.0,966.0,487.0,195.0,50.0,26.0,147.0,25.0,77.0,202.0,286.0,816.0,2252.0,4397.0,6578.0,6453.0,6925.0,8795.0,7941.0,9275.0,15702.0,18026.0,25301.0,19168.0,19285.0,24750.0,40046.0,27784.0,39042.0,39275.0,47170.0,49731.0,68337.0,107226.0,105870.0,83798.0,93507.0,58649.0,48736.0,45542.0,45727.0,37860.0,35754.0,62769.0,27728.0,9956.0,7633.0
F5C181CA,0.0,0.0,0.0,0.0,0.0,2.0,49.0,446.0,1097.0,9182.0,7108.0,10465.0,8649.0,16524.0,22860.0,22671.0,36865.0,30117.0,22476.0,18819.0,25300.0,21665.0,25917.0,21260.0,32247.0,26053.0,17735.0,20168.0,12261.0,9864.0,9431.0,7835.0,3386.0,2571.0,1341.0,568.0,294.0,91.0,96.0,67.0,22.0,3.0,0.0,0.0,0.0,0.0,0.0,0.0,0.0,0.0,0.0,0.0
F6C6C3F7,1739.0,888.0,704.0,906.0,562.0,668.0,715.0,949.0,577.0,637.0,623.0,845.0,815.0,981.0,739.0,613.0,604.0,763.0,535.0,269.0,564.0,52.0,1.0,0.0,0.0,1.0,0.0,0.0,4.0,2.0,4.0,25.0,80.0,375.0,572.0,1078.0,1495.0,3348.0,4130.0,4003.0,2837.0,2139.0,1380.0,2133.0,1438.0,1925.0,1282.0,1338.0,1013.0,2584.0,1243.0,2362.0
F6CA75F0,0.0,0.0,0.0,0.0,0.0,0.0,0.0,0.0,0.0,0.0,0.0,0.0,0.0,0.0,3.0,36.0,258.0,604.0,1051.0,788.0,1285.0,2494.0,2246.0,2722.0,1568.0,1177.0,1208.0,1231.0,1358.0,1017.0,1171.0,1071.0,764.0,438.0,398.0,379.0,287.0,373.0,195.0,210.0,19.0,1.0,0.0,0.0,0.0,0.0,0.0,0.0,0.0,0.0,0.0,0.0
F9305BAA,799.0,496.0,417.0,478.0,269.0,254.0,373.0,521.0,255.0,429.0,538.0,1146.0,1303.0,1626.0,2738.0,5378.0,3676.0,3010.0,1669.0,751.0,373.0,227.0,214.0,77.0,61.0,162.0,419.0,981.0,1032.0,1038.0,1088.0,1002.0,628.0,993.0,1482.0,1679.0,1229.0,1085.0,773.0,829.0,578.0,770.0,901.0,692.0,1149.0,1009.0,596.0,521.0,742.0,685.0,328.0,621.0
F93AC929,5984.0,4103.0,4925.0,5641.0,2266.0,3312.0,3801.0,3276.0,2082.0,2511.0,3408.0,3260.0,3711.0,3797.0,4383.0,5210.0,6035.0,5478.0,5222.0,3370.0,4007.0,4068.0,2977.0,2450.0,2653.0,2737.0,2499.0,2748.0,3536.0,2849.0,4320.0,3823.0,4292.0,4083.0,3872.0,5793.0,6302.0,7238.0,6318.0,5881.0,5260.0,6470.0,4561.0,4160.0,4750.0,4473.0,4170.0,3137.0,3450.0,6774.0,5775.0,5179.0
FB738385,47220.0,33040.0,17408.0,37244.0,24772.0,31069.0,15769.0,24967.0,18239.0,16052.0,19101.0,13002.0,12586.0,13431.0,8203.0,4890.0,2591.0,765.0,791.0,299.0,138.0,204.0,213.0,124.0,213.0,330.0,140.0,115.0,113.0,260.0,165.0,115.0,105.0,222.0,31.0,85.0,99.0,50.0,41.0,91.0,207.0,512.0,3222.0,13659.0,35701.0,23743.0,25479.0,22321.0,26247.0,53009.0,24426.0,36475.0
FC366114,728.0,439.0,329.0,556.0,289.0,321.0,303.0,467.0,304.0,372.0,411.0,365.0,333.0,327.0,312.0,379.0,411.0,296.0,202.0,199.0,188.0,218.0,146.0,168.0,159.0,127.0,134.0,122.0,156.0,135.0,137.0,180.0,205.0,135.0,218.0,285.0,320.0,453.0,393.0,377.0,280.0,273.0,245.0,210.0,278.0,279.0,255.0,155.0,223.0,631.0,395.0,323.0
FD2B0309,6230.0,21361.0,10209.0,19850.0,1067.0,676.0,1396.0,2812.0,1959.0,2493.0,6741.0,1903.0,2410.0,2240.0,3901.0,5303.0,7316.0,11651.0,21336.0,1776.0,3011.0,7777.0,5844.0,4806.0,7258.0,7448.0,22277.0,7466.0,15560.0,11308.0,9766.0,7022.0,10521.0,8123.0,8222.0,7529.0,9801.0,6808.0,6466.0,3524.0,5080.0,6584.0,1930.0,1880.0,1197.0,5535.0,2547.0,5118.0,3528.0,824.0,18612.0,5102.0
FED3756C,680.0,545.0,602.0,945.0,285.0,422.0,730.0,544.0,237.0,358.0,597.0,318.0,380.0,363.0,466.0,294.0,280.0,316.0,309.0,254.0,279.0,279.0,217.0,309.0,154.0,106.0,148.0,93.0,105.0,83.0,92.0,63.0,64.0,83.0,61.0,46.0,65.0,54.0,67.0,71.0,86.0,160.0,147.0,168.0,169.0,308.0,499.0,306.0,212.0,517.0,443.0,561.0
FF592882,4359.0,3446.0,2410.0,3317.0,2640.0,2578.0,2788.0,4024.0,2504.0,2697.0,3574.0,3647.0,3463.0,3520.0,3305.0,3815.0,2924.0,3394.0,3511.0,2800.0,4477.0,4961.0,4242.0,4183.0,3689.0,3611.0,3633.0,3501.0,3480.0,3356.0,3592.0,3396.0,4187.0,3993.0,5350.0,6881.0,6282.0,8459.0,6692.0,6440.0,5958.0,4810.0,3233.0,3710.0,3822.0,3928.0,3154.0,2913.0,2473.0,6349.0,3352.0,4343.0
FFF61080,389.0,249.0,126.0,221.0,177.0,105.0,103.0,291.0,179.0,241.0,833.0,1551.0,1961.0,2857.0,3281.0,4279.0,2910.0,2367.0,1794.0,1100.0,1419.0,1638.0,1174.0,1045.0,841.0,562.0,452.0,281.0,403.0,351.0,326.0,293.0,362.0,584.0,586.0,870.0,1102.0,1244.0,1265.0,946.0,479.0,331.0,187.0,221.0,218.0,261.0,408.0,166.0,193.0,347.0,316.0,324.0
